Region,ID,ID_room,type,UID,difficulty_tier,Name,Dialog,Dialog Tree,NPC ID,Enemy,object_id,complete_condition,Event ID,Loot,AI_Visual_Description,AI_scene_prompt,AI_mapicon,AI_maproom,,,
tutorial,tutorial_home,tutorial_home_room,home,z1,0,Beach,,,,,,,,,A small sunlit bedroom with a wooden training sword leaning against a straw mattress. Warm dust motes dance in the light from a single circular window.,,"A small sunlit bedroom with a wooden training sword leaning against a straw mattress. Warm dust motes dance in the light from a single circular window.. background for video game, side scroller, Greek times, realistic cartoon style, Ghibli with high density features. Empty space at the bottom of scene. Landscape. High quality. 4k.","A small sunlit bedroom with a wooden training sword leaning against a straw mattress. Warm dust motes dance in the light from a single circular window. 160x160 pixels. cartoon, watercolour style. png. transparent background",,,
tutorial,tutorial_wharf,tutorial_wharf_room,object,z2,0,Wharf,,,,,chest_default,,,,A weathered wooden pier extending into a calm turquoise bay. Seagulls circle overhead and crates of basic supplies are stacked near the edge.,,"A weathered wooden pier extending into a calm turquoise bay. Seagulls circle overhead and crates of basic supplies are stacked near the edge.. background for video game, side scroller, Greek times, realistic cartoon style, Ghibli with high density features. Empty space at the bottom of scene. Landscape. High quality. 4k.","A weathered wooden pier extending into a calm turquoise bay. Seagulls circle overhead and crates of basic supplies are stacked near the edge. 160x160 pixels. cartoon, watercolour style. png. transparent background",,,
tutorial,tutorial_hut,tutorial_hut_room,object,z3,0,Humbe Lodgings,,,,,chest_default,,,,A cramped interior smelling of dried herbs and old parchment. A simple alchemy station sits beneath a hanging bundle of lavender.,,"A cramped interior smelling of dried herbs and old parchment. A simple alchemy station sits beneath a hanging bundle of lavender.. background for video game, side scroller, Greek times, realistic cartoon style, Ghibli with high density features. Empty space at the bottom of scene. Landscape. High quality. 4k.","A cramped interior smelling of dried herbs and old parchment. A simple alchemy station sits beneath a hanging bundle of lavender. 160x160 pixels. cartoon, watercolour style. png. transparent background",,,
tutorial,tutorial_echo,tutorial_echo_room,object,z4,0,Fishing Village,,,,,chest_default,,,,A shimmering crystalline cave where footsteps produce melodic reverberations. Ethereal blue light pulses from the walls in sync with the player's heartbeat.,,"A shimmering crystalline cave where footsteps produce melodic reverberations. Ethereal blue light pulses from the walls in sync with the player's heartbeat.. background for video game, side scroller, Greek times, realistic cartoon style, Ghibli with high density features. Empty space at the bottom of scene. Landscape. High quality. 4k.","A shimmering crystalline cave where footsteps produce melodic reverberations. Ethereal blue light pulses from the walls in sync with the player's heartbeat. 160x160 pixels. cartoon, watercolour style. png. transparent background",,,
tutorial,tutorial_boss,tutorial_boss_room,boss,z5,1,Memory,,,,pickpocket,,,,,A circular stone arena overgrown with ivy. A large weathered statue stands in the center ready to animate for the final trial.,,"A circular stone arena overgrown with ivy. A large weathered statue stands in the center ready to animate for the final trial.. background for video game, side scroller, Greek times, realistic cartoon style, Ghibli with high density features. Empty space at the bottom of scene. Landscape. High quality. 4k.","A circular stone arena overgrown with ivy. A large weathered statue stands in the center ready to animate for the final trial. 160x160 pixels. cartoon, watercolour style. png. transparent background",,,
town,town_village_gate,town_village_gate_room,event,t1,,Village Gate,"The heavy oak gates stand open, welcoming weary travelers.",,gate_guard,,,,whispering_well,map,"Massive weathered oak gates set into a high stone wall, cobblestone road leading inward, morning mist, warm sunlight filtering through nearby trees, high fantasy style.","2d rpg scroller. cartoon realism. no characters. no icons
background Massive weathered oak gates set into a high stone wall, cobblestone road leading inward, morning mist, warm sunlight filtering through nearby trees, high fantasy style.","Massive weathered oak gates set into a high stone wall, cobblestone road leading inward, morning mist, warm sunlight filtering through nearby trees, high fantasy style.. background for video game, side scroller, Greek times, realistic cartoon style, Ghibli with high density features. Empty space at the bottom of scene. Landscape. High quality. 4k.","Massive weathered oak gates set into a high stone wall, cobblestone road leading inward, morning mist, warm sunlight filtering through nearby trees, high fantasy style. 160x160 pixels. cartoon, watercolour style. png. transparent background",,,
town,town_the_rusty_tankard,town_the_rusty_tankard_room,event,t2,,The Rusty Tankard,,t2_tavern,innkeeper,,,,,ale,"A cozy medieval tavern interior, glowing hearth fire, wooden beams, mugs on heavy tables, warm amber lighting, dusty air motes, inviting atmosphere.","2d rpg scroller. cartoon realism. no characters. no icons
background A cozy medieval tavern interior, glowing hearth fire, wooden beams, mugs on heavy tables, warm amber lighting, dusty air motes, inviting atmosphere.","A cozy medieval tavern interior, glowing hearth fire, wooden beams, mugs on heavy tables, warm amber lighting, dusty air motes, inviting atmosphere.. background for video game, side scroller, Greek times, realistic cartoon style, Ghibli with high density features. Empty space at the bottom of scene. Landscape. High quality. 4k.","A cozy medieval tavern interior, glowing hearth fire, wooden beams, mugs on heavy tables, warm amber lighting, dusty air motes, inviting atmosphere. 160x160 pixels. cartoon, watercolour style. png. transparent background",,,
town,town_blacksmiths_forge,town_blacksmiths_forge_room,event,t3,,Blacksmith's Forge,,t3_forge,blacksmith,,,,,whetstone,"An outdoor forge under a stone lean-to, glowing orange coals, sparks flying from an anvil, racks of iron tools, soot-stained stone, cinematic lighting.","2d rpg scroller. cartoon realism. no characters. no icons
background An outdoor forge under a stone lean-to, glowing orange coals, sparks flying from an anvil, racks of iron tools, soot-stained stone, cinematic lighting.","An outdoor forge under a stone lean-to, glowing orange coals, sparks flying from an anvil, racks of iron tools, soot-stained stone, cinematic lighting.. background for video game, side scroller, Greek times, realistic cartoon style, Ghibli with high density features. Empty space at the bottom of scene. Landscape. High quality. 4k.","An outdoor forge under a stone lean-to, glowing orange coals, sparks flying from an anvil, racks of iron tools, soot-stained stone, cinematic lighting. 160x160 pixels. cartoon, watercolour style. png. transparent background",,,
town,town_apothecary_shop,town_apothecary_shop_room,event,t4,,Apothecary Shop,The air smells of dried herbs and bubbling tonics.,,alchemist,,,,,potion,"A cramped shop filled with glass vials of colorful liquids, hanging dried herbs from the ceiling, a small bubbling cauldron on a counter, mystical purple and green lighting.","2d rpg scroller. cartoon realism. no characters. no icons
background A cramped shop filled with glass vials of colorful liquids, hanging dried herbs from the ceiling, a small bubbling cauldron on a counter, mystical purple and green lighting.","A cramped shop filled with glass vials of colorful liquids, hanging dried herbs from the ceiling, a small bubbling cauldron on a counter, mystical purple and green lighting.. background for video game, side scroller, Greek times, realistic cartoon style, Ghibli with high density features. Empty space at the bottom of scene. Landscape. High quality. 4k.","A cramped shop filled with glass vials of colorful liquids, hanging dried herbs from the ceiling, a small bubbling cauldron on a counter, mystical purple and green lighting. 160x160 pixels. cartoon, watercolour style. png. transparent background",,,
town,town_town_square,town_town_square_room,event,t5,,Town Square,A bustling hub of activity. A stone fountain sits at the center.,,town_crier,,,,,coin,"A wide cobblestone plaza, a grand ornate stone fountain with flowing water at the center, market stalls with colorful awnings, medieval architecture, bright daylight.","2d rpg scroller. cartoon realism. no characters. no icons
background A wide cobblestone plaza, a grand ornate stone fountain with flowing water at the center, market stalls with colorful awnings, medieval architecture, bright daylight.","A wide cobblestone plaza, a grand ornate stone fountain with flowing water at the center, market stalls with colorful awnings, medieval architecture, bright daylight.. background for video game, side scroller, Greek times, realistic cartoon style, Ghibli with high density features. Empty space at the bottom of scene. Landscape. High quality. 4k.","A wide cobblestone plaza, a grand ornate stone fountain with flowing water at the center, market stalls with colorful awnings, medieval architecture, bright daylight. 160x160 pixels. cartoon, watercolour style. png. transparent background",,,
town,town_general_store,town_general_store_room,event,t6,,General Store,,t6_store,merchant,,,,,backpack,"A cluttered shop interior, shelves stacked with crates, rope, and lanterns, a wooden counter, sunlight streaming through a small window, detailed rustic textures.","2d rpg scroller. cartoon realism. no characters. no icons
background A cluttered shop interior, shelves stacked with crates, rope, and lanterns, a wooden counter, sunlight streaming through a small window, detailed rustic textures.","A cluttered shop interior, shelves stacked with crates, rope, and lanterns, a wooden counter, sunlight streaming through a small window, detailed rustic textures.. background for video game, side scroller, Greek times, realistic cartoon style, Ghibli with high density features. Empty space at the bottom of scene. Landscape. High quality. 4k.","A cluttered shop interior, shelves stacked with crates, rope, and lanterns, a wooden counter, sunlight streaming through a small window, detailed rustic textures. 160x160 pixels. cartoon, watercolour style. png. transparent background",,,
town,town_dimly_lit_alley,town_dimly_lit_alley_room,battle,t7,2,Dimly Lit Alley,It's quieter here. Someone is watching from the shadows.,,,pickpocket,,,,gold,"A narrow damp alleyway between tall brick buildings, long shadows, a single flickering lantern, wet cobblestones, mysterious and moody atmosphere.","2d rpg scroller. cartoon realism. no characters. no icons
background A narrow damp alleyway between tall brick buildings, long shadows, a single flickering lantern, wet cobblestones, mysterious and moody atmosphere.","A narrow damp alleyway between tall brick buildings, long shadows, a single flickering lantern, wet cobblestones, mysterious and moody atmosphere.. background for video game, side scroller, Greek times, realistic cartoon style, Ghibli with high density features. Empty space at the bottom of scene. Landscape. High quality. 4k.","A narrow damp alleyway between tall brick buildings, long shadows, a single flickering lantern, wet cobblestones, mysterious and moody atmosphere. 160x160 pixels. cartoon, watercolour style. png. transparent background",,,
town,town_old_library,town_old_library_room,event,t8,,Old Library,Dust motes dance in the light filtering through stained glass.,,librarian,,,,,scroll,"Massive wooden bookshelves reaching the ceiling, ladders, stained glass windows casting colorful patterns on the floor, ancient scrolls, quiet scholarly atmosphere.","2d rpg scroller. cartoon realism. no characters. no icons
background Massive wooden bookshelves reaching the ceiling, ladders, stained glass windows casting colorful patterns on the floor, ancient scrolls, quiet scholarly atmosphere.","Massive wooden bookshelves reaching the ceiling, ladders, stained glass windows casting colorful patterns on the floor, ancient scrolls, quiet scholarly atmosphere.. background for video game, side scroller, Greek times, realistic cartoon style, Ghibli with high density features. Empty space at the bottom of scene. Landscape. High quality. 4k.","Massive wooden bookshelves reaching the ceiling, ladders, stained glass windows casting colorful patterns on the floor, ancient scrolls, quiet scholarly atmosphere. 160x160 pixels. cartoon, watercolour style. png. transparent background",,,
town,town_the_town_well,town_the_town_well_room,event,t9,,The Town Well,The water is cool and clear. Pennies glitter at the bottom.,,,,,,,luck_charm,"A stone well in a small grassy clearing, wooden bucket, clear blue water reflecting the sky, small flowers growing between stones, peaceful village scene.","2d rpg scroller. cartoon realism. no characters. no icons
background A stone well in a small grassy clearing, wooden bucket, clear blue water reflecting the sky, small flowers growing between stones, peaceful village scene.","A stone well in a small grassy clearing, wooden bucket, clear blue water reflecting the sky, small flowers growing between stones, peaceful village scene.. background for video game, side scroller, Greek times, realistic cartoon style, Ghibli with high density features. Empty space at the bottom of scene. Landscape. High quality. 4k.","A stone well in a small grassy clearing, wooden bucket, clear blue water reflecting the sky, small flowers growing between stones, peaceful village scene. 160x160 pixels. cartoon, watercolour style. png. transparent background",,,
town,town_guard_barracks,town_guard_barracks_room,battle,t10,1,Guard Barracks,Soldiers practice their drills in the courtyard.,,captain,training_dummy,,,,shield,"A fortified stone courtyard, weapon racks with spears and shields, training dummies, stone barracks in the background, organized and military aesthetic.","2d rpg scroller. cartoon realism. no characters. no icons
background A fortified stone courtyard, weapon racks with spears and shields, training dummies, stone barracks in the background, organized and military aesthetic.","A fortified stone courtyard, weapon racks with spears and shields, training dummies, stone barracks in the background, organized and military aesthetic.. background for video game, side scroller, Greek times, realistic cartoon style, Ghibli with high density features. Empty space at the bottom of scene. Landscape. High quality. 4k.","A fortified stone courtyard, weapon racks with spears and shields, training dummies, stone barracks in the background, organized and military aesthetic. 160x160 pixels. cartoon, watercolour style. png. transparent background",,,
town,town_village_stables,town_village_stables_room,event,t11,,Village Stables,The smell of hay and horses is comforting.,,stablehand,,,,,apple,"A wooden stable with golden hay on the floor, horse stalls, leather saddles hanging on the walls, soft sunlight, rural farm charm.","2d rpg scroller. cartoon realism. no characters. no icons
background A wooden stable with golden hay on the floor, horse stalls, leather saddles hanging on the walls, soft sunlight, rural farm charm.","A wooden stable with golden hay on the floor, horse stalls, leather saddles hanging on the walls, soft sunlight, rural farm charm.. background for video game, side scroller, Greek times, realistic cartoon style, Ghibli with high density features. Empty space at the bottom of scene. Landscape. High quality. 4k.","A wooden stable with golden hay on the floor, horse stalls, leather saddles hanging on the walls, soft sunlight, rural farm charm. 160x160 pixels. cartoon, watercolour style. png. transparent background",,,
town,town_small_chapel,town_small_chapel_room,event,t12,,Small Chapel,A place of quiet contemplation and healing.,,priest,,,,,holy_water,"A humble stone chapel, simple wooden pews, a small altar with a white candle, sunlight through a circular window, serene and holy atmosphere.","2d rpg scroller. cartoon realism. no characters. no icons
background A humble stone chapel, simple wooden pews, a small altar with a white candle, sunlight through a circular window, serene and holy atmosphere.","A humble stone chapel, simple wooden pews, a small altar with a white candle, sunlight through a circular window, serene and holy atmosphere.. background for video game, side scroller, Greek times, realistic cartoon style, Ghibli with high density features. Empty space at the bottom of scene. Landscape. High quality. 4k.","A humble stone chapel, simple wooden pews, a small altar with a white candle, sunlight through a circular window, serene and holy atmosphere. 160x160 pixels. cartoon, watercolour style. png. transparent background",,,
town,town_bakers_hearth,town_bakers_hearth_room,event,t13,,Baker's Hearth,The scent of fresh bread is nearly overwhelming.,,baker,,,,,bread,"A warm stone kitchen, a large brick oven with glowing embers, stacks of fresh bread and flour-dusted tables, cozy and domestic.","2d rpg scroller. cartoon realism. no characters. no icons
background A warm stone kitchen, a large brick oven with glowing embers, stacks of fresh bread and flour-dusted tables, cozy and domestic.","A warm stone kitchen, a large brick oven with glowing embers, stacks of fresh bread and flour-dusted tables, cozy and domestic.. background for video game, side scroller, Greek times, realistic cartoon style, Ghibli with high density features. Empty space at the bottom of scene. Landscape. High quality. 4k.","A warm stone kitchen, a large brick oven with glowing embers, stacks of fresh bread and flour-dusted tables, cozy and domestic. 160x160 pixels. cartoon, watercolour style. png. transparent background",,,
town,town_graveyard_path,town_graveyard_path_room,event,t14,,Graveyard Path,The iron fence creaks. It's surprisingly well-kept.,,gravedigger,,,,,flower,"A path between tilted ancient tombstones, a wrought iron fence with vines, neatly trimmed grass, overcast sky, gothic and melancholy.","2d rpg scroller. cartoon realism. no characters. no icons
background A path between tilted ancient tombstones, a wrought iron fence with vines, neatly trimmed grass, overcast sky, gothic and melancholy.","A path between tilted ancient tombstones, a wrought iron fence with vines, neatly trimmed grass, overcast sky, gothic and melancholy.. background for video game, side scroller, Greek times, realistic cartoon style, Ghibli with high density features. Empty space at the bottom of scene. Landscape. High quality. 4k.","A path between tilted ancient tombstones, a wrought iron fence with vines, neatly trimmed grass, overcast sky, gothic and melancholy. 160x160 pixels. cartoon, watercolour style. png. transparent background",,,
town,town_mayors_manor,town_mayors_manor_room,event,t15,,Mayor's Manor,,t15_mayor,mayor,,,,,letter,"A grand two-story manor with white stone walls and blue roof tiles, manicured gardens, large glass windows, opulent high-society fantasy architecture.","2d rpg scroller. cartoon realism. no characters. no icons
background A grand two-story manor with white stone walls and blue roof tiles, manicured gardens, large glass windows, opulent high-society fantasy architecture.","A grand two-story manor with white stone walls and blue roof tiles, manicured gardens, large glass windows, opulent high-society fantasy architecture.. background for video game, side scroller, Greek times, realistic cartoon style, Ghibli with high density features. Empty space at the bottom of scene. Landscape. High quality. 4k.","A grand two-story manor with white stone walls and blue roof tiles, manicured gardens, large glass windows, opulent high-society fantasy architecture. 160x160 pixels. cartoon, watercolour style. png. transparent background",,,
town,town_hidden_cellar,town_hidden_cellar_room,battle,t16,2,Hidden Cellar,You find a stash hidden beneath the floorboards of an old house.,,,giant_rat,,,,rusty_key,"A dark damp cellar with loose wooden floorboards, cobwebs, old crates, a single candle, earthy tones, secret atmosphere.","2d rpg scroller. cartoon realism. no characters. no icons
background A dark damp cellar with loose wooden floorboards, cobwebs, old crates, a single candle, earthy tones, secret atmosphere.","A dark damp cellar with loose wooden floorboards, cobwebs, old crates, a single candle, earthy tones, secret atmosphere.. background for video game, side scroller, Greek times, realistic cartoon style, Ghibli with high density features. Empty space at the bottom of scene. Landscape. High quality. 4k.","A dark damp cellar with loose wooden floorboards, cobwebs, old crates, a single candle, earthy tones, secret atmosphere. 160x160 pixels. cartoon, watercolour style. png. transparent background",,,
town,town_training_grounds,town_training_grounds_room,event,t17,,Training Grounds,Local militia train here to protect the village.,,instructor,,,,,wooden_sword,"An open dirt field, combat dummies, target circles for archery, wooden practice swords, dust clouds, midday sun.","2d rpg scroller. cartoon realism. no characters. no icons
background An open dirt field, combat dummies, target circles for archery, wooden practice swords, dust clouds, midday sun.","An open dirt field, combat dummies, target circles for archery, wooden practice swords, dust clouds, midday sun.. background for video game, side scroller, Greek times, realistic cartoon style, Ghibli with high density features. Empty space at the bottom of scene. Landscape. High quality. 4k.","An open dirt field, combat dummies, target circles for archery, wooden practice swords, dust clouds, midday sun. 160x160 pixels. cartoon, watercolour style. png. transparent background",,,
town,town_clock_tower,town_clock_tower_room,event,t18,,Clock Tower,"The gears turn with a rhythmic, grounding thrum.",,,,,,,pocket_watch,"Inside a tall tower, massive brass and iron gears interlocking, rhythmic motion, dust in the light beams, mechanical steampunk-lite aesthetic.","2d rpg scroller. cartoon realism. no characters. no icons
background Inside a tall tower, massive brass and iron gears interlocking, rhythmic motion, dust in the light beams, mechanical steampunk-lite aesthetic.","Inside a tall tower, massive brass and iron gears interlocking, rhythmic motion, dust in the light beams, mechanical steampunk-lite aesthetic.. background for video game, side scroller, Greek times, realistic cartoon style, Ghibli with high density features. Empty space at the bottom of scene. Landscape. High quality. 4k.","Inside a tall tower, massive brass and iron gears interlocking, rhythmic motion, dust in the light beams, mechanical steampunk-lite aesthetic. 160x160 pixels. cartoon, watercolour style. png. transparent background",,,
town,town_beggars_corner,town_beggars_corner_room,event,t19,,Beggar's Corner,,t19_beggar,old_man,,,,,riddle,"A street corner with a tattered rug and a small fire in a barrel, lean-to made of scrap wood, gritty urban fantasy detail.","2d rpg scroller. cartoon realism. no characters. no icons
background A street corner with a tattered rug and a small fire in a barrel, lean-to made of scrap wood, gritty urban fantasy detail.","A street corner with a tattered rug and a small fire in a barrel, lean-to made of scrap wood, gritty urban fantasy detail.. background for video game, side scroller, Greek times, realistic cartoon style, Ghibli with high density features. Empty space at the bottom of scene. Landscape. High quality. 4k.","A street corner with a tattered rug and a small fire in a barrel, lean-to made of scrap wood, gritty urban fantasy detail. 160x160 pixels. cartoon, watercolour style. png. transparent background",,,
town,town_the_elders_hall,town_the_elders_hall_room,event,t20,,The Elder's Hall,The leaders of the town gather here to discuss the future.,,village_elder,,,,,medal,"A formal hall with a long polished oak table, high-backed chairs, banners hanging on the walls, a large fireplace, stately and serious.","2d rpg scroller. cartoon realism. no characters. no icons
background A formal hall with a long polished oak table, high-backed chairs, banners hanging on the walls, a large fireplace, stately and serious.","A formal hall with a long polished oak table, high-backed chairs, banners hanging on the walls, a large fireplace, stately and serious.. background for video game, side scroller, Greek times, realistic cartoon style, Ghibli with high density features. Empty space at the bottom of scene. Landscape. High quality. 4k.","A formal hall with a long polished oak table, high-backed chairs, banners hanging on the walls, a large fireplace, stately and serious. 160x160 pixels. cartoon, watercolour style. png. transparent background",,,
town,town_home,town_home_room,home,t0,0,Home room,,,,,,,,,A cozy multi-story dwelling with a hearth fire and plush rugs. Windows overlook the bustling market square below.,,"A cozy multi-story dwelling with a hearth fire and plush rugs. Windows overlook the bustling market square below.. background for video game, side scroller, Greek times, realistic cartoon style, Ghibli with high density features. Empty space at the bottom of scene. Landscape. High quality. 4k.","A cozy multi-story dwelling with a hearth fire and plush rugs. Windows overlook the bustling market square below. 160x160 pixels. cartoon, watercolour style. png. transparent background",,,
town,town_default,town_default_room,event,t21,1,Default Room,,,,,,,,,A vibrant cobblestone plaza filled with colorful stalls and diverse NPCs. A large fountain featuring a hero's likeness serves as the central landmark.,,"A vibrant cobblestone plaza filled with colorful stalls and diverse NPCs. A large fountain featuring a hero's likeness serves as the central landmark.. background for video game, side scroller, Greek times, realistic cartoon style, Ghibli with high density features. Empty space at the bottom of scene. Landscape. High quality. 4k.","A vibrant cobblestone plaza filled with colorful stalls and diverse NPCs. A large fountain featuring a hero's likeness serves as the central landmark. 160x160 pixels. cartoon, watercolour style. png. transparent background",,,
town,town_boss,town_boss_room,boss,t22,3,Boss Room,,,,,,,,,The grand courtyard of a fortified manor. Iron gates have slammed shut and the air is thick with the smell of scorched ozone.,,"The grand courtyard of a fortified manor. Iron gates have slammed shut and the air is thick with the smell of scorched ozone.. background for video game, side scroller, Greek times, realistic cartoon style, Ghibli with high density features. Empty space at the bottom of scene. Landscape. High quality. 4k.","The grand courtyard of a fortified manor. Iron gates have slammed shut and the air is thick with the smell of scorched ozone. 160x160 pixels. cartoon, watercolour style. png. transparent background",,,
forest,forest_overgrown_path,forest_overgrown_path_room,battle,f1,3,Overgrown Path,,f1_encounter,,skeletal_sentry,,,,bandage,"A narrow dirt trail nearly reclaimed by the jungle, thick ferns, twisted vines, ancient mossy stones, emerald green canopy.","2d rpg scroller. cartoon realism. no characters. no icons
background A narrow dirt trail nearly reclaimed by the jungle, thick ferns, twisted vines, ancient mossy stones, emerald green canopy.","A narrow dirt trail nearly reclaimed by the jungle, thick ferns, twisted vines, ancient mossy stones, emerald green canopy.. background for video game, side scroller, Greek times, realistic cartoon style, Ghibli with high density features. Empty space at the bottom of scene. Landscape. High quality. 4k.","A narrow dirt trail nearly reclaimed by the jungle, thick ferns, twisted vines, ancient mossy stones, emerald green canopy. 160x160 pixels. cartoon, watercolour style. png. transparent background",,,
forest,forest_old_shrine,forest_old_shrine_room,battle,f2,3,Old Shrine,,f2_shrine,,cultist,,,,scroll,"A crumbling stone altar covered in ivy, a small statue of a forgotten deity, glowing blue runes, mystical forest clearing.","2d rpg scroller. cartoon realism. no characters. no icons
background A crumbling stone altar covered in ivy, a small statue of a forgotten deity, glowing blue runes, mystical forest clearing.","A crumbling stone altar covered in ivy, a small statue of a forgotten deity, glowing blue runes, mystical forest clearing.. background for video game, side scroller, Greek times, realistic cartoon style, Ghibli with high density features. Empty space at the bottom of scene. Landscape. High quality. 4k.","A crumbling stone altar covered in ivy, a small statue of a forgotten deity, glowing blue runes, mystical forest clearing. 160x160 pixels. cartoon, watercolour style. png. transparent background",,,
forest,forest_the_wanderer,forest_the_wanderer_room,event,f3,,The Wanderer,,f3_merchant,merchant,,,,,gold,"A colorful merchant wagon parked under a giant willow, hanging lanterns, exotic fabrics, woodland setting.","2d rpg scroller. cartoon realism. no characters. no icons
background A colorful merchant wagon parked under a giant willow, hanging lanterns, exotic fabrics, woodland setting.","A colorful merchant wagon parked under a giant willow, hanging lanterns, exotic fabrics, woodland setting.. background for video game, side scroller, Greek times, realistic cartoon style, Ghibli with high density features. Empty space at the bottom of scene. Landscape. High quality. 4k.","A colorful merchant wagon parked under a giant willow, hanging lanterns, exotic fabrics, woodland setting. 160x160 pixels. cartoon, watercolour style. png. transparent background",,,
forest,forest_buzzing_hollow,forest_buzzing_hollow_room,battle,f4,3,Buzzing Hollow,The trees here are hollowed out by giant insects.,,,giant_bee,,,,heart,"Rotting hollowed-out tree trunks, sticky golden resin, giant honeycomb structures, swarms of insects in the air, amber lighting.","2d rpg scroller. cartoon realism. no characters. no icons
background Rotting hollowed-out tree trunks, sticky golden resin, giant honeycomb structures, swarms of insects in the air, amber lighting.","Rotting hollowed-out tree trunks, sticky golden resin, giant honeycomb structures, swarms of insects in the air, amber lighting.. background for video game, side scroller, Greek times, realistic cartoon style, Ghibli with high density features. Empty space at the bottom of scene. Landscape. High quality. 4k.","Rotting hollowed-out tree trunks, sticky golden resin, giant honeycomb structures, swarms of insects in the air, amber lighting. 160x160 pixels. cartoon, watercolour style. png. transparent background",,,
forest,forest_shadow_grove,forest_shadow_grove_room,battle,f5,3,Shadow Grove,,f5_shadows,,shadow_wraith,,,,frost,"A dark part of the forest where trees have black bark, purple mist on the ground, no sunlight reaches the floor, eerie and cold.","2d rpg scroller. cartoon realism. no characters. no icons
background A dark part of the forest where trees have black bark, purple mist on the ground, no sunlight reaches the floor, eerie and cold.","A dark part of the forest where trees have black bark, purple mist on the ground, no sunlight reaches the floor, eerie and cold.. background for video game, side scroller, Greek times, realistic cartoon style, Ghibli with high density features. Empty space at the bottom of scene. Landscape. High quality. 4k.","A dark part of the forest where trees have black bark, purple mist on the ground, no sunlight reaches the floor, eerie and cold. 160x160 pixels. cartoon, watercolour style. png. transparent background",,,
forest,forest_elder_oak,forest_elder_oak_room,battle,f6,3,Elder Oak,A tree so massive its canopy blots out the sun.,,,dryad_corruptor,,,,wood_charm,"A colossal oak tree with a trunk the size of a building, glowing roots, swirling magical energy, majestic and ancient.","2d rpg scroller. cartoon realism. no characters. no icons
background A colossal oak tree with a trunk the size of a building, glowing roots, swirling magical energy, majestic and ancient.","A colossal oak tree with a trunk the size of a building, glowing roots, swirling magical energy, majestic and ancient.. background for video game, side scroller, Greek times, realistic cartoon style, Ghibli with high density features. Empty space at the bottom of scene. Landscape. High quality. 4k.","A colossal oak tree with a trunk the size of a building, glowing roots, swirling magical energy, majestic and ancient. 160x160 pixels. cartoon, watercolour style. png. transparent background",,,
forest,forest_thistle_thicket,forest_thistle_thicket_room,battle,f7,4,Thistle Thicket,Thorns pull at your cloak like desperate fingers.,,,briar_beast,,,,herb,"A wall of sharp brambles and thorny vines, dark grey and brown colors, jagged edges, oppressive and dangerous foliage.","2d rpg scroller. cartoon realism. no characters. no icons
background A wall of sharp brambles and thorny vines, dark grey and brown colors, jagged edges, oppressive and dangerous foliage.","A wall of sharp brambles and thorny vines, dark grey and brown colors, jagged edges, oppressive and dangerous foliage.. background for video game, side scroller, Greek times, realistic cartoon style, Ghibli with high density features. Empty space at the bottom of scene. Landscape. High quality. 4k.","A wall of sharp brambles and thorny vines, dark grey and brown colors, jagged edges, oppressive and dangerous foliage. 160x160 pixels. cartoon, watercolour style. png. transparent background",,,
forest,forest_moonlit_glade,forest_moonlit_glade_room,event,f8,,Moonlit Glade,"A peaceful clearing, though the silence is unsettling.",,,,,,,elixir,"A perfect circle of grass in the forest, bright moonlight, silver reflections, white flowers, surreal and quiet.","2d rpg scroller. cartoon realism. no characters. no icons
background A perfect circle of grass in the forest, bright moonlight, silver reflections, white flowers, surreal and quiet.","A perfect circle of grass in the forest, bright moonlight, silver reflections, white flowers, surreal and quiet.. background for video game, side scroller, Greek times, realistic cartoon style, Ghibli with high density features. Empty space at the bottom of scene. Landscape. High quality. 4k.","A perfect circle of grass in the forest, bright moonlight, silver reflections, white flowers, surreal and quiet. 160x160 pixels. cartoon, watercolour style. png. transparent background",,,
forest,forest_hunters_blind,forest_hunters_blind_room,battle,f9,4,Hunter's Blind,Discarded bows and old leather rot in the humidity.,,,feral_hound,,,,arrow,"A camouflage structure made of branches and moss, rotting leather scraps, humid air, dense green undergrowth.","2d rpg scroller. cartoon realism. no characters. no icons
background A camouflage structure made of branches and moss, rotting leather scraps, humid air, dense green undergrowth.","A camouflage structure made of branches and moss, rotting leather scraps, humid air, dense green undergrowth.. background for video game, side scroller, Greek times, realistic cartoon style, Ghibli with high density features. Empty space at the bottom of scene. Landscape. High quality. 4k.","A camouflage structure made of branches and moss, rotting leather scraps, humid air, dense green undergrowth. 160x160 pixels. cartoon, watercolour style. png. transparent background",,,
forest,forest_mushroom_circle,forest_mushroom_circle_room,battle,f10,4,Mushroom Circle,"Spores drift through the air, causing mild hallucinations.",,,spore_servant,,,,mushroom,"A fairy ring of giant glowing mushrooms, colorful spores floating like dust, vibrant neon blues and pinks, surreal dreamscape.","2d rpg scroller. cartoon realism. no characters. no icons
background A fairy ring of giant glowing mushrooms, colorful spores floating like dust, vibrant neon blues and pinks, surreal dreamscape.","A fairy ring of giant glowing mushrooms, colorful spores floating like dust, vibrant neon blues and pinks, surreal dreamscape.. background for video game, side scroller, Greek times, realistic cartoon style, Ghibli with high density features. Empty space at the bottom of scene. Landscape. High quality. 4k.","A fairy ring of giant glowing mushrooms, colorful spores floating like dust, vibrant neon blues and pinks, surreal dreamscape. 160x160 pixels. cartoon, watercolour style. png. transparent background",,,
forest,forest_creek_bed,forest_creek_bed_room,battle,f11,4,Creek Bed,The water is black and moves against the current.,,,river_lurker,,,,pearl,"A shallow rocky creek with obsidian-black water flowing uphill, mossy rocks, dark forest backdrop.","2d rpg scroller. cartoon realism. no characters. no icons
background A shallow rocky creek with obsidian-black water flowing uphill, mossy rocks, dark forest backdrop.","A shallow rocky creek with obsidian-black water flowing uphill, mossy rocks, dark forest backdrop.. background for video game, side scroller, Greek times, realistic cartoon style, Ghibli with high density features. Empty space at the bottom of scene. Landscape. High quality. 4k.","A shallow rocky creek with obsidian-black water flowing uphill, mossy rocks, dark forest backdrop. 160x160 pixels. cartoon, watercolour style. png. transparent background",,,
forest,forest_spiders_web,forest_spiders_web_room,battle,f12,4,Spider's Web,Sticky silk coats every surface.,,,brood_mother,,,,silk,"Trees completely shrouded in thick white webs, egg sacs hanging from branches, dark and suffocating atmosphere.","2d rpg scroller. cartoon realism. no characters. no icons
background Trees completely shrouded in thick white webs, egg sacs hanging from branches, dark and suffocating atmosphere.","Trees completely shrouded in thick white webs, egg sacs hanging from branches, dark and suffocating atmosphere.. background for video game, side scroller, Greek times, realistic cartoon style, Ghibli with high density features. Empty space at the bottom of scene. Landscape. High quality. 4k.","Trees completely shrouded in thick white webs, egg sacs hanging from branches, dark and suffocating atmosphere. 160x160 pixels. cartoon, watercolour style. png. transparent background",,,
forest,forest_logging_camp,forest_logging_camp_room,battle,f13,5,Logging Camp,Ruined wagons suggest a hasty departure.,,,forest_troll,,,,axe,"A clearing with giant tree stumps, broken wooden wagons, saws embedded in wood, overgrown by weeds.","2d rpg scroller. cartoon realism. no characters. no icons
background A clearing with giant tree stumps, broken wooden wagons, saws embedded in wood, overgrown by weeds.","A clearing with giant tree stumps, broken wooden wagons, saws embedded in wood, overgrown by weeds.. background for video game, side scroller, Greek times, realistic cartoon style, Ghibli with high density features. Empty space at the bottom of scene. Landscape. High quality. 4k.","A clearing with giant tree stumps, broken wooden wagons, saws embedded in wood, overgrown by weeds. 160x160 pixels. cartoon, watercolour style. png. transparent background",,,
forest,forest_ruined_aviary,forest_ruined_aviary_room,battle,f14,5,Ruined Aviary,Feathers and broken glass litter the mossy floor.,,,harpy,,,,feather,"A collapsed iron cage structure in the trees, shards of glass on a mossy floor, overgrown with tropical flowers.","2d rpg scroller. cartoon realism. no characters. no icons
background A collapsed iron cage structure in the trees, shards of glass on a mossy floor, overgrown with tropical flowers.","A collapsed iron cage structure in the trees, shards of glass on a mossy floor, overgrown with tropical flowers.. background for video game, side scroller, Greek times, realistic cartoon style, Ghibli with high density features. Empty space at the bottom of scene. Landscape. High quality. 4k.","A collapsed iron cage structure in the trees, shards of glass on a mossy floor, overgrown with tropical flowers. 160x160 pixels. cartoon, watercolour style. png. transparent background",,,
forest,forest_the_great_root,forest_the_great_root_room,battle,f15,5,The Great Root,A massive root forms a natural bridge over a ravine.,,,root_horror,,,,sap,"A single enormous tree root spanning a misty deep canyon, moss-covered, birds flying below, epic scale.","2d rpg scroller. cartoon realism. no characters. no icons
background A single enormous tree root spanning a misty deep canyon, moss-covered, birds flying below, epic scale.","A single enormous tree root spanning a misty deep canyon, moss-covered, birds flying below, epic scale.. background for video game, side scroller, Greek times, realistic cartoon style, Ghibli with high density features. Empty space at the bottom of scene. Landscape. High quality. 4k.","A single enormous tree root spanning a misty deep canyon, moss-covered, birds flying below, epic scale. 160x160 pixels. cartoon, watercolour style. png. transparent background",,,
forest,forest_hidden_burrow,forest_hidden_burrow_room,event,f16,,Hidden Burrow,,f16_rabbit,strange_rabbit,,,,,clover,"A small tunnel entrance hidden by a large fern, glowing eyes from the dark, cozy but mysterious underground entrance.","2d rpg scroller. cartoon realism. no characters. no icons
background A small tunnel entrance hidden by a large fern, glowing eyes from the dark, cozy but mysterious underground entrance.","A small tunnel entrance hidden by a large fern, glowing eyes from the dark, cozy but mysterious underground entrance.. background for video game, side scroller, Greek times, realistic cartoon style, Ghibli with high density features. Empty space at the bottom of scene. Landscape. High quality. 4k.","A small tunnel entrance hidden by a large fern, glowing eyes from the dark, cozy but mysterious underground entrance. 160x160 pixels. cartoon, watercolour style. png. transparent background",,,
forest,forest_stags_rest,forest_stags_rest_room,battle,f17,6,Stag's Rest,Bones of great beasts are piled neatly in the center.,,,bone_shaman,,,,antler,"A clearing with a mountain of bleached white antlers and bones, a ritualistic circle, silent and spiritual.","2d rpg scroller. cartoon realism. no characters. no icons
background A clearing with a mountain of bleached white antlers and bones, a ritualistic circle, silent and spiritual.","A clearing with a mountain of bleached white antlers and bones, a ritualistic circle, silent and spiritual.. background for video game, side scroller, Greek times, realistic cartoon style, Ghibli with high density features. Empty space at the bottom of scene. Landscape. High quality. 4k.","A clearing with a mountain of bleached white antlers and bones, a ritualistic circle, silent and spiritual. 160x160 pixels. cartoon, watercolour style. png. transparent background",,,
forest,forest_watchtower,forest_watchtower_room,battle,f18,6,Watchtower,The stairs are precarious but the view is strategic.,,,bandit_archer,,,,spyglass,"A rickety wooden tower built into a tall pine, rope bridges, view of the forest canopy, sunset sky.","2d rpg scroller. cartoon realism. no characters. no icons
background A rickety wooden tower built into a tall pine, rope bridges, view of the forest canopy, sunset sky.","A rickety wooden tower built into a tall pine, rope bridges, view of the forest canopy, sunset sky.. background for video game, side scroller, Greek times, realistic cartoon style, Ghibli with high density features. Empty space at the bottom of scene. Landscape. High quality. 4k.","A rickety wooden tower built into a tall pine, rope bridges, view of the forest canopy, sunset sky. 160x160 pixels. cartoon, watercolour style. png. transparent background",,,
forest,forest_willow_weep,forest_willow_weep_room,battle,f19,6,Willow Weep,The tree seems to be sobbing in the wind.,,,willow_wisp,,,,tear,"A weeping willow with long blue-tinged leaves, water dripping like tears into a still pond, melancholic atmosphere.","2d rpg scroller. cartoon realism. no characters. no icons
background A weeping willow with long blue-tinged leaves, water dripping like tears into a still pond, melancholic atmosphere.","A weeping willow with long blue-tinged leaves, water dripping like tears into a still pond, melancholic atmosphere.. background for video game, side scroller, Greek times, realistic cartoon style, Ghibli with high density features. Empty space at the bottom of scene. Landscape. High quality. 4k.","A weeping willow with long blue-tinged leaves, water dripping like tears into a still pond, melancholic atmosphere. 160x160 pixels. cartoon, watercolour style. png. transparent background",,,
forest,forest_forest_heart,forest_forest_heart_room,battle,f20,6,Forest Heart,,f20_boss,,forest_guardian,,,,emerald_seed,"The center of the forest, a pulsing emerald core of light inside a hollow ancient tree, magical vines, ethereal beauty.","2d rpg scroller. cartoon realism. no characters. no icons
background The center of the forest, a pulsing emerald core of light inside a hollow ancient tree, magical vines, ethereal beauty.","The center of the forest, a pulsing emerald core of light inside a hollow ancient tree, magical vines, ethereal beauty.. background for video game, side scroller, Greek times, realistic cartoon style, Ghibli with high density features. Empty space at the bottom of scene. Landscape. High quality. 4k.","The center of the forest, a pulsing emerald core of light inside a hollow ancient tree, magical vines, ethereal beauty. 160x160 pixels. cartoon, watercolour style. png. transparent background",,,
forest,forest_home,forest_home_room,home,f0,0,Home room,,,,,,,,,A dwelling carved into the base of a massive ancient oak. Fireflies provide natural lighting against walls lined with moss and bark.,,"A dwelling carved into the base of a massive ancient oak. Fireflies provide natural lighting against walls lined with moss and bark.. background for video game, side scroller, Greek times, realistic cartoon style, Ghibli with high density features. Empty space at the bottom of scene. Landscape. High quality. 4k.","A dwelling carved into the base of a massive ancient oak. Fireflies provide natural lighting against walls lined with moss and bark. 160x160 pixels. cartoon, watercolour style. png. transparent background",,,
forest,forest_default,forest_default_room,event,f21,6,Default Room,,,,,,,,,A dense woodland of towering ferns and bioluminescent flora. Thick canopy filters the sun into emerald shafts of light.,,"A dense woodland of towering ferns and bioluminescent flora. Thick canopy filters the sun into emerald shafts of light.. background for video game, side scroller, Greek times, realistic cartoon style, Ghibli with high density features. Empty space at the bottom of scene. Landscape. High quality. 4k.","A dense woodland of towering ferns and bioluminescent flora. Thick canopy filters the sun into emerald shafts of light. 160x160 pixels. cartoon, watercolour style. png. transparent background",,,
forest,forest_boss,forest_boss_room,boss,f22,9,Boss Room,,,,,,,,,A clearing dominated by a gargantuan carnivorous flower. The ground is soft with mulch and skeletal remains of previous intruders.,,"A clearing dominated by a gargantuan carnivorous flower. The ground is soft with mulch and skeletal remains of previous intruders.. background for video game, side scroller, Greek times, realistic cartoon style, Ghibli with high density features. Empty space at the bottom of scene. Landscape. High quality. 4k.","A clearing dominated by a gargantuan carnivorous flower. The ground is soft with mulch and skeletal remains of previous intruders. 160x160 pixels. cartoon, watercolour style. png. transparent background",,,
ice_caves,ice_caves_frost_bridge,ice_caves_frost_bridge_room,battle,i1,7,Frost Bridge,,i1_bridge,,ice_golem,,,,frost,"A narrow bridge of translucent blue ice over a dark chasm, icicles hanging below, falling snowflakes.","2d rpg scroller. cartoon realism. no characters. no icons
background A narrow bridge of translucent blue ice over a dark chasm, icicles hanging below, falling snowflakes.","A narrow bridge of translucent blue ice over a dark chasm, icicles hanging below, falling snowflakes.. background for video game, side scroller, Greek times, realistic cartoon style, Ghibli with high density features. Empty space at the bottom of scene. Landscape. High quality. 4k.","A narrow bridge of translucent blue ice over a dark chasm, icicles hanging below, falling snowflakes. 160x160 pixels. cartoon, watercolour style. png. transparent background",,,
ice_caves,ice_caves_crystal_chasm,ice_caves_crystal_chasm_room,battle,i2,7,Crystal Chasm,"The walls hum with a resonant, freezing energy.",,,frost_wisp,,,,lightning,"A deep canyon lined with giant glowing crystals, refracting light into rainbows, cold blue haze.","2d rpg scroller. cartoon realism. no characters. no icons
background A deep canyon lined with giant glowing crystals, refracting light into rainbows, cold blue haze.","A deep canyon lined with giant glowing crystals, refracting light into rainbows, cold blue haze.. background for video game, side scroller, Greek times, realistic cartoon style, Ghibli with high density features. Empty space at the bottom of scene. Landscape. High quality. 4k.","A deep canyon lined with giant glowing crystals, refracting light into rainbows, cold blue haze. 160x160 pixels. cartoon, watercolour style. png. transparent background",,,
ice_caves,ice_caves_frozen_tomb,ice_caves_frozen_tomb_room,battle,i3,7,Frozen Tomb,,i3_tomb,,tomb_wight,,,,skull,"A stone sarcophagus encased in a thick block of ice, frosted carvings, cold white mist, silent and ancient.","2d rpg scroller. cartoon realism. no characters. no icons
background A stone sarcophagus encased in a thick block of ice, frosted carvings, cold white mist, silent and ancient.","A stone sarcophagus encased in a thick block of ice, frosted carvings, cold white mist, silent and ancient.. background for video game, side scroller, Greek times, realistic cartoon style, Ghibli with high density features. Empty space at the bottom of scene. Landscape. High quality. 4k.","A stone sarcophagus encased in a thick block of ice, frosted carvings, cold white mist, silent and ancient. 160x160 pixels. cartoon, watercolour style. png. transparent background",,,
ice_caves,ice_caves_echo_chamber,ice_caves_echo_chamber_room,battle,i4,7,Echo Chamber,Your footsteps sound like a battalion following you.,,,mimic,,,,trap,"A perfectly smooth circular ice cavern, reflective walls like mirrors, blue lighting, vast and hollow.","2d rpg scroller. cartoon realism. no characters. no icons
background A perfectly smooth circular ice cavern, reflective walls like mirrors, blue lighting, vast and hollow.","A perfectly smooth circular ice cavern, reflective walls like mirrors, blue lighting, vast and hollow.. background for video game, side scroller, Greek times, realistic cartoon style, Ghibli with high density features. Empty space at the bottom of scene. Landscape. High quality. 4k.","A perfectly smooth circular ice cavern, reflective walls like mirrors, blue lighting, vast and hollow. 160x160 pixels. cartoon, watercolour style. png. transparent background",,,
ice_caves,ice_caves_blizzard_peak,ice_caves_blizzard_peak_room,battle,i5,7,Blizzard Peak,Visibility is near zero; the wind howls like a dying beast.,,,yeti,,,,axe,"A mountain summit in a whiteout, horizontal snow, jagged black rocks, extreme weather conditions.","2d rpg scroller. cartoon realism. no characters. no icons
background A mountain summit in a whiteout, horizontal snow, jagged black rocks, extreme weather conditions.","A mountain summit in a whiteout, horizontal snow, jagged black rocks, extreme weather conditions.. background for video game, side scroller, Greek times, realistic cartoon style, Ghibli with high density features. Empty space at the bottom of scene. Landscape. High quality. 4k.","A mountain summit in a whiteout, horizontal snow, jagged black rocks, extreme weather conditions. 160x160 pixels. cartoon, watercolour style. png. transparent background",,,
ice_caves,ice_caves_icicle_gallery,ice_caves_icicle_gallery_room,battle,i6,7,Icicle Gallery,Sharp spikes hang precariously from the ceiling.,,,ice_bat,,,,shard,"A cavern ceiling covered in thousands of needle-sharp icicles, reflecting light like diamonds, dangerous beauty.","2d rpg scroller. cartoon realism. no characters. no icons
background A cavern ceiling covered in thousands of needle-sharp icicles, reflecting light like diamonds, dangerous beauty.","A cavern ceiling covered in thousands of needle-sharp icicles, reflecting light like diamonds, dangerous beauty.. background for video game, side scroller, Greek times, realistic cartoon style, Ghibli with high density features. Empty space at the bottom of scene. Landscape. High quality. 4k.","A cavern ceiling covered in thousands of needle-sharp icicles, reflecting light like diamonds, dangerous beauty. 160x160 pixels. cartoon, watercolour style. png. transparent background",,,
ice_caves,ice_caves_glacial_rift,ice_caves_glacial_rift_room,battle,i7,7,Glacial Rift,The ice here is ancient and blue.,,,snow_stalker,,,,claw,"A deep crack in a glacier, walls of deep sapphire blue ice, compressed layers, silent and freezing.","2d rpg scroller. cartoon realism. no characters. no icons
background A deep crack in a glacier, walls of deep sapphire blue ice, compressed layers, silent and freezing.","A deep crack in a glacier, walls of deep sapphire blue ice, compressed layers, silent and freezing.. background for video game, side scroller, Greek times, realistic cartoon style, Ghibli with high density features. Empty space at the bottom of scene. Landscape. High quality. 4k.","A deep crack in a glacier, walls of deep sapphire blue ice, compressed layers, silent and freezing. 160x160 pixels. cartoon, watercolour style. png. transparent background",,,
ice_caves,ice_caves_aurora_hall,ice_caves_aurora_hall_room,event,i8,,Aurora Hall,Strange lights dance on the frozen ceiling.,,,,,,,stardust,"A massive cavern where the ice ceiling acts as a prism for aurora borealis lights, swirling greens and purples.","2d rpg scroller. cartoon realism. no characters. no icons
background A massive cavern where the ice ceiling acts as a prism for aurora borealis lights, swirling greens and purples.","A massive cavern where the ice ceiling acts as a prism for aurora borealis lights, swirling greens and purples.. background for video game, side scroller, Greek times, realistic cartoon style, Ghibli with high density features. Empty space at the bottom of scene. Landscape. High quality. 4k.","A massive cavern where the ice ceiling acts as a prism for aurora borealis lights, swirling greens and purples. 160x160 pixels. cartoon, watercolour style. png. transparent background",,,
ice_caves,ice_caves_sub-zero_spring,ice_caves_sub-zero_spring_room,battle,i9,8,Sub-Zero Spring,"The water is liquid, but burns like fire.",,,water_elemental,,,,vial,"A pool of steaming liquid in a frozen room, frost on the surrounding rocks, turquoise water, supernatural temperature.","2d rpg scroller. cartoon realism. no characters. no icons
background A pool of steaming liquid in a frozen room, frost on the surrounding rocks, turquoise water, supernatural temperature.","A pool of steaming liquid in a frozen room, frost on the surrounding rocks, turquoise water, supernatural temperature.. background for video game, side scroller, Greek times, realistic cartoon style, Ghibli with high density features. Empty space at the bottom of scene. Landscape. High quality. 4k.","A pool of steaming liquid in a frozen room, frost on the surrounding rocks, turquoise water, supernatural temperature. 160x160 pixels. cartoon, watercolour style. png. transparent background",,,
ice_caves,ice_caves_frozen_library,ice_caves_frozen_library_room,battle,i10,8,Frozen Library,Pages of books are trapped in sheets of ice.,,,ghost_scholar,,,,tome,"Rows of bookshelves completely encased in clear ice, floating spectral books, cold blue light.","2d rpg scroller. cartoon realism. no characters. no icons
background Rows of bookshelves completely encased in clear ice, floating spectral books, cold blue light.","Rows of bookshelves completely encased in clear ice, floating spectral books, cold blue light.. background for video game, side scroller, Greek times, realistic cartoon style, Ghibli with high density features. Empty space at the bottom of scene. Landscape. High quality. 4k.","Rows of bookshelves completely encased in clear ice, floating spectral books, cold blue light. 160x160 pixels. cartoon, watercolour style. png. transparent background",,,
ice_caves,ice_caves_sleeping_giant,ice_caves_sleeping_giant_room,event,i11,,Sleeping Giant,,i11_giant,ice_giant,,,,,club,"A cavern containing a colossal figure made of stone and ice resting against the wall, epic scale, frost-covered.","2d rpg scroller. cartoon realism. no characters. no icons
background A cavern containing a colossal figure made of stone and ice resting against the wall, epic scale, frost-covered.","A cavern containing a colossal figure made of stone and ice resting against the wall, epic scale, frost-covered.. background for video game, side scroller, Greek times, realistic cartoon style, Ghibli with high density features. Empty space at the bottom of scene. Landscape. High quality. 4k.","A cavern containing a colossal figure made of stone and ice resting against the wall, epic scale, frost-covered. 160x160 pixels. cartoon, watercolour style. png. transparent background",,,
ice_caves,ice_caves_permafrost_mine,ice_caves_permafrost_mine_room,battle,i12,8,Permafrost Mine,Pickaxes are still embedded in the walls.,,,kobold_miner,,,,ore,"An abandoned mine tunnel, frozen support beams, crystals growing over mining tools, dark and cold.","2d rpg scroller. cartoon realism. no characters. no icons
background An abandoned mine tunnel, frozen support beams, crystals growing over mining tools, dark and cold.","An abandoned mine tunnel, frozen support beams, crystals growing over mining tools, dark and cold.. background for video game, side scroller, Greek times, realistic cartoon style, Ghibli with high density features. Empty space at the bottom of scene. Landscape. High quality. 4k.","An abandoned mine tunnel, frozen support beams, crystals growing over mining tools, dark and cold. 160x160 pixels. cartoon, watercolour style. png. transparent background",,,
ice_caves,ice_caves_snowdrift,ice_caves_snowdrift_room,battle,i13,8,Snowdrift,You sink waist-deep in the powder.,,,snow_leopard,,,,pelt,"A vast interior cavern filled with deep white snow, soft pillowy mounds, silent and muffled.","2d rpg scroller. cartoon realism. no characters. no icons
background A vast interior cavern filled with deep white snow, soft pillowy mounds, silent and muffled.","A vast interior cavern filled with deep white snow, soft pillowy mounds, silent and muffled.. background for video game, side scroller, Greek times, realistic cartoon style, Ghibli with high density features. Empty space at the bottom of scene. Landscape. High quality. 4k.","A vast interior cavern filled with deep white snow, soft pillowy mounds, silent and muffled. 160x160 pixels. cartoon, watercolour style. png. transparent background",,,
ice_caves,ice_caves_the_cold_forge,ice_caves_the_cold_forge_room,battle,i14,8,The Cold Forge,An anvil that freezes everything it touches.,,,ice_smith,,,,hammer,"A forge made of white marble and ice, blue flames, frost-covered anvil, winter-themed blacksmithing.","2d rpg scroller. cartoon realism. no characters. no icons
background A forge made of white marble and ice, blue flames, frost-covered anvil, winter-themed blacksmithing.","A forge made of white marble and ice, blue flames, frost-covered anvil, winter-themed blacksmithing.. background for video game, side scroller, Greek times, realistic cartoon style, Ghibli with high density features. Empty space at the bottom of scene. Landscape. High quality. 4k.","A forge made of white marble and ice, blue flames, frost-covered anvil, winter-themed blacksmithing. 160x160 pixels. cartoon, watercolour style. png. transparent background",,,
ice_caves,ice_caves_whiteout_tunnel,ice_caves_whiteout_tunnel_room,battle,i15,8,Whiteout Tunnel,The wind is a physical wall pushing you back.,,,blizzard_wraith,,,,essence,"A narrow tunnel where wind-blown snow creates a tunnel of pure white, blurred edges, high motion.","2d rpg scroller. cartoon realism. no characters. no icons
background A narrow tunnel where wind-blown snow creates a tunnel of pure white, blurred edges, high motion.","A narrow tunnel where wind-blown snow creates a tunnel of pure white, blurred edges, high motion.. background for video game, side scroller, Greek times, realistic cartoon style, Ghibli with high density features. Empty space at the bottom of scene. Landscape. High quality. 4k.","A narrow tunnel where wind-blown snow creates a tunnel of pure white, blurred edges, high motion. 160x160 pixels. cartoon, watercolour style. png. transparent background",,,
ice_caves,ice_caves_crystal_garden,ice_caves_crystal_garden_room,battle,i16,9,Crystal Garden,Plants made of glass grow in the dark.,,,shard_shifter,,,,crystal,"Flowers and bushes made of transparent glass ice, glowing with internal light, dark cavern floor.","2d rpg scroller. cartoon realism. no characters. no icons
background Flowers and bushes made of transparent glass ice, glowing with internal light, dark cavern floor.","Flowers and bushes made of transparent glass ice, glowing with internal light, dark cavern floor.. background for video game, side scroller, Greek times, realistic cartoon style, Ghibli with high density features. Empty space at the bottom of scene. Landscape. High quality. 4k.","Flowers and bushes made of transparent glass ice, glowing with internal light, dark cavern floor. 160x160 pixels. cartoon, watercolour style. png. transparent background",,,
ice_caves,ice_caves_mammoth_graveyard,ice_caves_mammoth_graveyard_room,battle,i17,9,Mammoth Graveyard,Tusks larger than trees rise from the snow.,,,necro_mammoth,,,,ivory,"Enormous curved tusks protruding from a frozen waste, massive ribcages, ancient and skeletal.","2d rpg scroller. cartoon realism. no characters. no icons
background Enormous curved tusks protruding from a frozen waste, massive ribcages, ancient and skeletal.","Enormous curved tusks protruding from a frozen waste, massive ribcages, ancient and skeletal.. background for video game, side scroller, Greek times, realistic cartoon style, Ghibli with high density features. Empty space at the bottom of scene. Landscape. High quality. 4k.","Enormous curved tusks protruding from a frozen waste, massive ribcages, ancient and skeletal. 160x160 pixels. cartoon, watercolour style. png. transparent background",,,
ice_caves,ice_caves_hidden_grotto,ice_caves_hidden_grotto_room,event,i18,,Hidden Grotto,,i18_hermit,frost_hermit,,,,,soup,"A small warm pocket in the ice, a campfire, furs, a small stone hut, contrast of warm orange and cold blue.","2d rpg scroller. cartoon realism. no characters. no icons
background A small warm pocket in the ice, a campfire, furs, a small stone hut, contrast of warm orange and cold blue.","A small warm pocket in the ice, a campfire, furs, a small stone hut, contrast of warm orange and cold blue.. background for video game, side scroller, Greek times, realistic cartoon style, Ghibli with high density features. Empty space at the bottom of scene. Landscape. High quality. 4k.","A small warm pocket in the ice, a campfire, furs, a small stone hut, contrast of warm orange and cold blue. 160x160 pixels. cartoon, watercolour style. png. transparent background",,,
ice_caves,ice_caves_ice_throne,ice_caves_ice_throne_room,battle,i19,9,Ice Throne,A seat carved for someone twenty feet tall.,,,ice_lich,,,,crown,"A massive jagged throne of dark blue ice, stairs leading up, freezing mist, regal and terrifying.","2d rpg scroller. cartoon realism. no characters. no icons
background A massive jagged throne of dark blue ice, stairs leading up, freezing mist, regal and terrifying.","A massive jagged throne of dark blue ice, stairs leading up, freezing mist, regal and terrifying.. background for video game, side scroller, Greek times, realistic cartoon style, Ghibli with high density features. Empty space at the bottom of scene. Landscape. High quality. 4k.","A massive jagged throne of dark blue ice, stairs leading up, freezing mist, regal and terrifying. 160x160 pixels. cartoon, watercolour style. png. transparent background",,,
ice_caves,ice_caves_the_glacier_heart,ice_caves_the_glacier_heart_room,battle,i20,9,The Glacier Heart,,i20_boss,,cryo_phoenix,,,,eternal_ice,"A pulsing core of pure white energy inside a giant glacier, a phoenix of frost, cinematic boss arena.","2d rpg scroller. cartoon realism. no characters. no icons
background A pulsing core of pure white energy inside a giant glacier, a phoenix of frost, cinematic boss arena.","A pulsing core of pure white energy inside a giant glacier, a phoenix of frost, cinematic boss arena.. background for video game, side scroller, Greek times, realistic cartoon style, Ghibli with high density features. Empty space at the bottom of scene. Landscape. High quality. 4k.","A pulsing core of pure white energy inside a giant glacier, a phoenix of frost, cinematic boss arena. 160x160 pixels. cartoon, watercolour style. png. transparent background",,,
ice_caves,ice_caves_home,ice_caves_home_room,home,i0,0,Home room,,,,,,,,,A hollowed-out glacier interior lined with thick furs and heat-radiating crystals. The walls are translucent and deep azure.,,"A hollowed-out glacier interior lined with thick furs and heat-radiating crystals. The walls are translucent and deep azure.. background for video game, side scroller, Greek times, realistic cartoon style, Ghibli with high density features. Empty space at the bottom of scene. Landscape. High quality. 4k.","A hollowed-out glacier interior lined with thick furs and heat-radiating crystals. The walls are translucent and deep azure. 160x160 pixels. cartoon, watercolour style. png. transparent background",,,A hollowed-out glacier interior lined with thick furs and heat-radiating crystals. The walls are translucent and deep azure.
ice_caves,ice_caves_default,ice_caves_default_room,event,i21,9,Default Room,,,,,,,,,Winding tunnels of slick permafrost and jagged stalactites. Wind howls through narrow fissures creating a haunting whistling sound.,,"Winding tunnels of slick permafrost and jagged stalactites. Wind howls through narrow fissures creating a haunting whistling sound.. background for video game, side scroller, Greek times, realistic cartoon style, Ghibli with high density features. Empty space at the bottom of scene. Landscape. High quality. 4k.","Winding tunnels of slick permafrost and jagged stalactites. Wind howls through narrow fissures creating a haunting whistling sound. 160x160 pixels. cartoon, watercolour style. png. transparent background",,,Winding tunnels of slick permafrost and jagged stalactites. Wind howls through narrow fissures creating a haunting whistling sound.
ice_caves,ice_caves_boss,ice_caves_boss_room,boss,i22,12,Boss Room,,,,,,,,,A vast frozen lake at the heart of the mountain. The ice is clear enough to see a prehistoric behemoth frozen deep beneath the surface.,,"A vast frozen lake at the heart of the mountain. The ice is clear enough to see a prehistoric behemoth frozen deep beneath the surface.. background for video game, side scroller, Greek times, realistic cartoon style, Ghibli with high density features. Empty space at the bottom of scene. Landscape. High quality. 4k.","A vast frozen lake at the heart of the mountain. The ice is clear enough to see a prehistoric behemoth frozen deep beneath the surface. 160x160 pixels. cartoon, watercolour style. png. transparent background",,,A vast frozen lake at the heart of the mountain. The ice is clear enough to see a prehistoric behemoth frozen deep beneath the surface.
desert,desert_sun-bleached_dunes,desert_sun-bleached_dunes_room,battle,d1,10,Sun-Bleached Dunes,The heat is a physical weight pushing you down.,,,giant_scorpion,,,,heart,"Endless waves of golden sand dunes, shimmering heat haze, bright white sun, deep shadows.","2d rpg scroller. cartoon realism. no characters. no icons
background Endless waves of golden sand dunes, shimmering heat haze, bright white sun, deep shadows.","Endless waves of golden sand dunes, shimmering heat haze, bright white sun, deep shadows.. background for video game, side scroller, Greek times, realistic cartoon style, Ghibli with high density features. Empty space at the bottom of scene. Landscape. High quality. 4k.","Endless waves of golden sand dunes, shimmering heat haze, bright white sun, deep shadows. 160x160 pixels. cartoon, watercolour style. png. transparent background",,,
desert,desert_mirage_oasis,desert_mirage_oasis_room,battle,d2,10,Mirage Oasis,,d2_oasis,,sand_spirit,,,,potion,"A shimmering pool of water surrounded by three palm trees, blurry edges as if disappearing, desert heat.","2d rpg scroller. cartoon realism. no characters. no icons
background A shimmering pool of water surrounded by three palm trees, blurry edges as if disappearing, desert heat.","A shimmering pool of water surrounded by three palm trees, blurry edges as if disappearing, desert heat.. background for video game, side scroller, Greek times, realistic cartoon style, Ghibli with high density features. Empty space at the bottom of scene. Landscape. High quality. 4k.","A shimmering pool of water surrounded by three palm trees, blurry edges as if disappearing, desert heat. 160x160 pixels. cartoon, watercolour style. png. transparent background",,,
desert,desert_ruined_outpost,desert_ruined_outpost_room,battle,d3,10,Ruined Outpost,Soldiers died here long ago. Their armor is rusted to the bone.,,,skeleton_soldier,,,,sword,"A crumbling sandstone fort, half-buried in sand, rusted swords sticking out of the ground, lonely desert wind.","2d rpg scroller. cartoon realism. no characters. no icons
background A crumbling sandstone fort, half-buried in sand, rusted swords sticking out of the ground, lonely desert wind.","A crumbling sandstone fort, half-buried in sand, rusted swords sticking out of the ground, lonely desert wind.. background for video game, side scroller, Greek times, realistic cartoon style, Ghibli with high density features. Empty space at the bottom of scene. Landscape. High quality. 4k.","A crumbling sandstone fort, half-buried in sand, rusted swords sticking out of the ground, lonely desert wind. 160x160 pixels. cartoon, watercolour style. png. transparent background",,,
desert,desert_obsidian_pillar,desert_obsidian_pillar_room,battle,d4,10,Obsidian Pillar,A black spire that seems to drink the sunlight.,,,fire_imp,,,,bomb,"A perfectly smooth black tower in the middle of red sands, glowing orange runes at the base.","2d rpg scroller. cartoon realism. no characters. no icons
background A perfectly smooth black tower in the middle of red sands, glowing orange runes at the base.","A perfectly smooth black tower in the middle of red sands, glowing orange runes at the base.. background for video game, side scroller, Greek times, realistic cartoon style, Ghibli with high density features. Empty space at the bottom of scene. Landscape. High quality. 4k.","A perfectly smooth black tower in the middle of red sands, glowing orange runes at the base. 160x160 pixels. cartoon, watercolour style. png. transparent background",,,
desert,desert_valley_of_kings,desert_valley_of_kings_room,battle,d5,10,Valley of Kings,,d5_kings,,mummy_king,,,,bandage,"A canyon with massive pharaonic statues carved into the rock faces, grand entrance to a tomb, epic scale.","2d rpg scroller. cartoon realism. no characters. no icons
background A canyon with massive pharaonic statues carved into the rock faces, grand entrance to a tomb, epic scale.","A canyon with massive pharaonic statues carved into the rock faces, grand entrance to a tomb, epic scale.. background for video game, side scroller, Greek times, realistic cartoon style, Ghibli with high density features. Empty space at the bottom of scene. Landscape. High quality. 4k.","A canyon with massive pharaonic statues carved into the rock faces, grand entrance to a tomb, epic scale. 160x160 pixels. cartoon, watercolour style. png. transparent background",,,
desert,desert_sandstorm_eye,desert_sandstorm_eye_room,battle,d6,10,Sandstorm Eye,The center of the storm is eerily quiet.,,,dust_devil,,,,sand_glass,"A wall of swirling sand surrounding a perfectly calm center, clear blue sky above, swirling dust below.","2d rpg scroller. cartoon realism. no characters. no icons
background A wall of swirling sand surrounding a perfectly calm center, clear blue sky above, swirling dust below.","A wall of swirling sand surrounding a perfectly calm center, clear blue sky above, swirling dust below.. background for video game, side scroller, Greek times, realistic cartoon style, Ghibli with high density features. Empty space at the bottom of scene. Landscape. High quality. 4k.","A wall of swirling sand surrounding a perfectly calm center, clear blue sky above, swirling dust below. 160x160 pixels. cartoon, watercolour style. png. transparent background",,,
desert,desert_beetle_burrow,desert_beetle_burrow_room,battle,d7,10,Beetle Burrow,Clicking sounds echo from beneath the sand.,,,scarab_swarm,,,,shell,"A hole in the sand leading to a cavern of polished beetle shells and iridescent wings, underground desert.","2d rpg scroller. cartoon realism. no characters. no icons
background A hole in the sand leading to a cavern of polished beetle shells and iridescent wings, underground desert.","A hole in the sand leading to a cavern of polished beetle shells and iridescent wings, underground desert.. background for video game, side scroller, Greek times, realistic cartoon style, Ghibli with high density features. Empty space at the bottom of scene. Landscape. High quality. 4k.","A hole in the sand leading to a cavern of polished beetle shells and iridescent wings, underground desert. 160x160 pixels. cartoon, watercolour style. png. transparent background",,,
desert,desert_dried_well,desert_dried_well_room,battle,d8,10,Dried Well,Hope died here a long time ago.,,,ghoul,,,,bucket,"A stone well in a dead village, cracked earth, vulture circling above, bleached animal skull nearby.","2d rpg scroller. cartoon realism. no characters. no icons
background A stone well in a dead village, cracked earth, vulture circling above, bleached animal skull nearby.","A stone well in a dead village, cracked earth, vulture circling above, bleached animal skull nearby.. background for video game, side scroller, Greek times, realistic cartoon style, Ghibli with high density features. Empty space at the bottom of scene. Landscape. High quality. 4k.","A stone well in a dead village, cracked earth, vulture circling above, bleached animal skull nearby. 160x160 pixels. cartoon, watercolour style. png. transparent background",,,
desert,desert_salt_flats,desert_salt_flats_room,battle,d9,11,Salt Flats,The ground is white and cracked like broken pottery.,,,salt_golem,,,,salt,"A vast blinding white expanse of cracked salt, purple mountains in the far distance, perfectly flat.","2d rpg scroller. cartoon realism. no characters. no icons
background A vast blinding white expanse of cracked salt, purple mountains in the far distance, perfectly flat.","A vast blinding white expanse of cracked salt, purple mountains in the far distance, perfectly flat.. background for video game, side scroller, Greek times, realistic cartoon style, Ghibli with high density features. Empty space at the bottom of scene. Landscape. High quality. 4k.","A vast blinding white expanse of cracked salt, purple mountains in the far distance, perfectly flat. 160x160 pixels. cartoon, watercolour style. png. transparent background",,,
desert,desert_nomad_camp,desert_nomad_camp_room,event,d10,,Nomad Camp,,d10_camp,sheik,,,,,cloth,"Tents made of colorful patterned silks, small campfire, camels resting, desert night with many stars.","2d rpg scroller. cartoon realism. no characters. no icons
background Tents made of colorful patterned silks, small campfire, camels resting, desert night with many stars.","Tents made of colorful patterned silks, small campfire, camels resting, desert night with many stars.. background for video game, side scroller, Greek times, realistic cartoon style, Ghibli with high density features. Empty space at the bottom of scene. Landscape. High quality. 4k.","Tents made of colorful patterned silks, small campfire, camels resting, desert night with many stars. 160x160 pixels. cartoon, watercolour style. png. transparent background",,,
desert,desert_cactus_forest,desert_cactus_forest_room,battle,d11,11,Cactus Forest,Prickly giants loom over the path.,,,needle_fiend,,,,fruit,"Towering saguaro cacti, jagged rocks, dry shrubs, orange sunset lighting, harsh wilderness.","2d rpg scroller. cartoon realism. no characters. no icons
background Towering saguaro cacti, jagged rocks, dry shrubs, orange sunset lighting, harsh wilderness.","Towering saguaro cacti, jagged rocks, dry shrubs, orange sunset lighting, harsh wilderness.. background for video game, side scroller, Greek times, realistic cartoon style, Ghibli with high density features. Empty space at the bottom of scene. Landscape. High quality. 4k.","Towering saguaro cacti, jagged rocks, dry shrubs, orange sunset lighting, harsh wilderness. 160x160 pixels. cartoon, watercolour style. png. transparent background",,,
desert,desert_glass_canyon,desert_glass_canyon_room,battle,d12,11,Glass Canyon,Heat has fused the sand into jagged glass.,,,shard_beast,,,,glass,"A canyon where the walls are sharp translucent green glass, reflecting the sun like mirrors, dangerous edges.","2d rpg scroller. cartoon realism. no characters. no icons
background A canyon where the walls are sharp translucent green glass, reflecting the sun like mirrors, dangerous edges.","A canyon where the walls are sharp translucent green glass, reflecting the sun like mirrors, dangerous edges.. background for video game, side scroller, Greek times, realistic cartoon style, Ghibli with high density features. Empty space at the bottom of scene. Landscape. High quality. 4k.","A canyon where the walls are sharp translucent green glass, reflecting the sun like mirrors, dangerous edges. 160x160 pixels. cartoon, watercolour style. png. transparent background",,,
desert,desert_abandoned_bazaar,desert_abandoned_bazaar_room,battle,d13,11,Abandoned Bazaar,Tattered silks flap in the dry wind.,,,thief_shade,,,,coin,"Empty market stalls, hanging shredded fabrics, overturned pottery, sand drifting into doorways.","2d rpg scroller. cartoon realism. no characters. no icons
background Empty market stalls, hanging shredded fabrics, overturned pottery, sand drifting into doorways.","Empty market stalls, hanging shredded fabrics, overturned pottery, sand drifting into doorways.. background for video game, side scroller, Greek times, realistic cartoon style, Ghibli with high density features. Empty space at the bottom of scene. Landscape. High quality. 4k.","Empty market stalls, hanging shredded fabrics, overturned pottery, sand drifting into doorways. 160x160 pixels. cartoon, watercolour style. png. transparent background",,,
desert,desert_sun_temple,desert_sun_temple_room,battle,d14,11,Sun Temple,Gold mirrors reflect blinding beams of light.,,,solar_priest,,,,gold_bar,"A pyramid-like temple with gold-plated apex, giant mirrors focusing sunlight into a single beam.","2d rpg scroller. cartoon realism. no characters. no icons
background A pyramid-like temple with gold-plated apex, giant mirrors focusing sunlight into a single beam.","A pyramid-like temple with gold-plated apex, giant mirrors focusing sunlight into a single beam.. background for video game, side scroller, Greek times, realistic cartoon style, Ghibli with high density features. Empty space at the bottom of scene. Landscape. High quality. 4k.","A pyramid-like temple with gold-plated apex, giant mirrors focusing sunlight into a single beam. 160x160 pixels. cartoon, watercolour style. png. transparent background",,,
desert,desert_quick_sand,desert_quick_sand_room,battle,d15,11,Quick Sand,Every step requires careful planning.,,,sand_kraken,,,,tentacle,"A swirling vortex of liquid sand in a rock basin, skeletal remains of trees nearby.","2d rpg scroller. cartoon realism. no characters. no icons
background A swirling vortex of liquid sand in a rock basin, skeletal remains of trees nearby.","A swirling vortex of liquid sand in a rock basin, skeletal remains of trees nearby.. background for video game, side scroller, Greek times, realistic cartoon style, Ghibli with high density features. Empty space at the bottom of scene. Landscape. High quality. 4k.","A swirling vortex of liquid sand in a rock basin, skeletal remains of trees nearby. 160x160 pixels. cartoon, watercolour style. png. transparent background",,,
desert,desert_sphinx_gate,desert_sphinx_gate_room,battle,d16,11,Sphinx Gate,,d16_riddle,,guardian_sphinx,,,,feather,"Two massive sphinx statues facing each other, a heavy stone door between them, ancient and imposing.","2d rpg scroller. cartoon realism. no characters. no icons
background Two massive sphinx statues facing each other, a heavy stone door between them, ancient and imposing.","Two massive sphinx statues facing each other, a heavy stone door between them, ancient and imposing.. background for video game, side scroller, Greek times, realistic cartoon style, Ghibli with high density features. Empty space at the bottom of scene. Landscape. High quality. 4k.","Two massive sphinx statues facing each other, a heavy stone door between them, ancient and imposing. 160x160 pixels. cartoon, watercolour style. png. transparent background",,,
desert,desert_the_red_mesa,desert_the_red_mesa_room,battle,d17,12,The Red Mesa,The rock is the color of dried blood.,,,canyon_harpy,,,,ruby,"A flat-topped mountain of deep crimson rock, vertical cliffs, soaring birds, dramatic landscape.","2d rpg scroller. cartoon realism. no characters. no icons
background A flat-topped mountain of deep crimson rock, vertical cliffs, soaring birds, dramatic landscape.","A flat-topped mountain of deep crimson rock, vertical cliffs, soaring birds, dramatic landscape.. background for video game, side scroller, Greek times, realistic cartoon style, Ghibli with high density features. Empty space at the bottom of scene. Landscape. High quality. 4k.","A flat-topped mountain of deep crimson rock, vertical cliffs, soaring birds, dramatic landscape. 160x160 pixels. cartoon, watercolour style. png. transparent background",,,
desert,desert_dusty_vault,desert_dusty_vault_room,battle,d18,12,Dusty Vault,A heavy door keeps the secrets of the sand.,,,mimic_chest,,,,relic,"A circular stone door with a sun dial lock, half-buried in a dune, mysterious and sealed.","2d rpg scroller. cartoon realism. no characters. no icons
background A circular stone door with a sun dial lock, half-buried in a dune, mysterious and sealed.","A circular stone door with a sun dial lock, half-buried in a dune, mysterious and sealed.. background for video game, side scroller, Greek times, realistic cartoon style, Ghibli with high density features. Empty space at the bottom of scene. Landscape. High quality. 4k.","A circular stone door with a sun dial lock, half-buried in a dune, mysterious and sealed. 160x160 pixels. cartoon, watercolour style. png. transparent background",,,
desert,desert_searing_overlook,desert_searing_overlook_room,battle,d19,12,Searing Overlook,"From here, the desert looks like an endless ocean.",,,vulture_lord,,,,eye,"A high cliff edge looking over miles of sand dunes, extreme perspective, bright hazy horizon.","2d rpg scroller. cartoon realism. no characters. no icons
background A high cliff edge looking over miles of sand dunes, extreme perspective, bright hazy horizon.","A high cliff edge looking over miles of sand dunes, extreme perspective, bright hazy horizon.. background for video game, side scroller, Greek times, realistic cartoon style, Ghibli with high density features. Empty space at the bottom of scene. Landscape. High quality. 4k.","A high cliff edge looking over miles of sand dunes, extreme perspective, bright hazy horizon. 160x160 pixels. cartoon, watercolour style. png. transparent background",,,
desert,desert_pharaohs_sanctum,desert_pharaohs_sanctum_room,battle,d20,12,Pharaoh's Sanctum,,d20_boss,,god_king_ra,,,,sun_stone,"A throne room of gold and lapis lazuli, a giant sun disk hanging behind the throne, divine light.","2d rpg scroller. cartoon realism. no characters. no icons
background A throne room of gold and lapis lazuli, a giant sun disk hanging behind the throne, divine light.","A throne room of gold and lapis lazuli, a giant sun disk hanging behind the throne, divine light.. background for video game, side scroller, Greek times, realistic cartoon style, Ghibli with high density features. Empty space at the bottom of scene. Landscape. High quality. 4k.","A throne room of gold and lapis lazuli, a giant sun disk hanging behind the throne, divine light. 160x160 pixels. cartoon, watercolour style. png. transparent background",,,
desert,desert_home,desert_home_room,home,d0,0,Home room,,,,,,,,,A sandstone structure built into a cliffside with silk awnings to block the heat. Cool water trickles into a small stone basin.,,"A sandstone structure built into a cliffside with silk awnings to block the heat. Cool water trickles into a small stone basin.. background for video game, side scroller, Greek times, realistic cartoon style, Ghibli with high density features. Empty space at the bottom of scene. Landscape. High quality. 4k.","A sandstone structure built into a cliffside with silk awnings to block the heat. Cool water trickles into a small stone basin. 160x160 pixels. cartoon, watercolour style. png. transparent background",,,
desert,desert_default,desert_default_room,event,d21,12,Default Room,,,,,,,,,Endless undulating dunes of shifting golden sand under a relentless white sun. Distant heat mirages distort the horizon.,,"Endless undulating dunes of shifting golden sand under a relentless white sun. Distant heat mirages distort the horizon.. background for video game, side scroller, Greek times, realistic cartoon style, Ghibli with high density features. Empty space at the bottom of scene. Landscape. High quality. 4k.","Endless undulating dunes of shifting golden sand under a relentless white sun. Distant heat mirages distort the horizon. 160x160 pixels. cartoon, watercolour style. png. transparent background",,,
desert,desert_boss,desert_boss_room,boss,d22,15,Boss Room,,,,,,,,,A ruined amphitheater half-buried in a sandstorm. A massive whirlpool of sand churns in the center where the guardian dwells.,,"A ruined amphitheater half-buried in a sandstorm. A massive whirlpool of sand churns in the center where the guardian dwells.. background for video game, side scroller, Greek times, realistic cartoon style, Ghibli with high density features. Empty space at the bottom of scene. Landscape. High quality. 4k.","A ruined amphitheater half-buried in a sandstorm. A massive whirlpool of sand churns in the center where the guardian dwells. 160x160 pixels. cartoon, watercolour style. png. transparent background",,,
swamp,swamp_peat_bog,swamp_peat_bog_room,battle,s1,12,Peat Bog,The ground bubbles with methane and decay.,,,mud_walker,,,,peat,"Dark brown muddy marsh, bubbling gas, skeletal trees, thick grey fog, damp atmosphere.","2d rpg scroller. cartoon realism. no characters. no icons
background Dark brown muddy marsh, bubbling gas, skeletal trees, thick grey fog, damp atmosphere.","Dark brown muddy marsh, bubbling gas, skeletal trees, thick grey fog, damp atmosphere.. background for video game, side scroller, Greek times, realistic cartoon style, Ghibli with high density features. Empty space at the bottom of scene. Landscape. High quality. 4k.","Dark brown muddy marsh, bubbling gas, skeletal trees, thick grey fog, damp atmosphere. 160x160 pixels. cartoon, watercolour style. png. transparent background",,,
swamp,swamp_sunken_hut,swamp_sunken_hut_room,event,s2,,Sunken Hut,,s2_witch,swamp_hag,,,,,brew,"A tilted wooden shack sinking into green slime, flickering lanterns, hanging bones, witch's lair.","2d rpg scroller. cartoon realism. no characters. no icons
background A tilted wooden shack sinking into green slime, flickering lanterns, hanging bones, witch's lair.","A tilted wooden shack sinking into green slime, flickering lanterns, hanging bones, witch's lair.. background for video game, side scroller, Greek times, realistic cartoon style, Ghibli with high density features. Empty space at the bottom of scene. Landscape. High quality. 4k.","A tilted wooden shack sinking into green slime, flickering lanterns, hanging bones, witch's lair. 160x160 pixels. cartoon, watercolour style. png. transparent background",,,
swamp,swamp_willow_weep,swamp_willow_weep_room,battle,s3,12,Willow Weep,Moss hangs like curtains from the rotting trees.,,,bog_horror,,,,moss,"Ancient trees with long grey Spanish moss reaching the water, murky reflections, still air.","2d rpg scroller. cartoon realism. no characters. no icons
background Ancient trees with long grey Spanish moss reaching the water, murky reflections, still air.","Ancient trees with long grey Spanish moss reaching the water, murky reflections, still air.. background for video game, side scroller, Greek times, realistic cartoon style, Ghibli with high density features. Empty space at the bottom of scene. Landscape. High quality. 4k.","Ancient trees with long grey Spanish moss reaching the water, murky reflections, still air. 160x160 pixels. cartoon, watercolour style. png. transparent background",,,
swamp,swamp_firefly_marsh,swamp_firefly_marsh_room,battle,s4,12,Firefly Marsh,Tiny lights offer a deceptive sense of safety.,,,willow_wisp,,,,light_dust,"A dark swamp illuminated by thousands of small yellow glowing flies, magical but eerie.","2d rpg scroller. cartoon realism. no characters. no icons
background A dark swamp illuminated by thousands of small yellow glowing flies, magical but eerie.","A dark swamp illuminated by thousands of small yellow glowing flies, magical but eerie.. background for video game, side scroller, Greek times, realistic cartoon style, Ghibli with high density features. Empty space at the bottom of scene. Landscape. High quality. 4k.","A dark swamp illuminated by thousands of small yellow glowing flies, magical but eerie. 160x160 pixels. cartoon, watercolour style. png. transparent background",,,
swamp,swamp_crocodile_creek,swamp_crocodile_creek_room,battle,s5,13,Crocodile Creek,Logs in the water suddenly sprout eyes.,,,giant_croc,,,,leather,"A slow-moving muddy river, floating logs with reptilian eyes, tall reeds, humid and predator-filled.","2d rpg scroller. cartoon realism. no characters. no icons
background A slow-moving muddy river, floating logs with reptilian eyes, tall reeds, humid and predator-filled.","A slow-moving muddy river, floating logs with reptilian eyes, tall reeds, humid and predator-filled.. background for video game, side scroller, Greek times, realistic cartoon style, Ghibli with high density features. Empty space at the bottom of scene. Landscape. High quality. 4k.","A slow-moving muddy river, floating logs with reptilian eyes, tall reeds, humid and predator-filled. 160x160 pixels. cartoon, watercolour style. png. transparent background",,,
swamp,swamp_mist_veil,swamp_mist_veil_room,battle,s6,13,Mist Veil,You can't see your hand in front of your face.,,,mist_stalker,,,,vapor,"Pure white thick fog, silhouettes of gnarled trees, ghost-like atmosphere, low visibility.","2d rpg scroller. cartoon realism. no characters. no icons
background Pure white thick fog, silhouettes of gnarled trees, ghost-like atmosphere, low visibility.","Pure white thick fog, silhouettes of gnarled trees, ghost-like atmosphere, low visibility.. background for video game, side scroller, Greek times, realistic cartoon style, Ghibli with high density features. Empty space at the bottom of scene. Landscape. High quality. 4k.","Pure white thick fog, silhouettes of gnarled trees, ghost-like atmosphere, low visibility. 160x160 pixels. cartoon, watercolour style. png. transparent background",,,
swamp,swamp_leech_pool,swamp_leech_pool_room,battle,s7,13,Leech Pool,The water is thick and dark.,,,leech_swarm,,,,blood,"A stagnant pool of black water, oily sheen on the surface, bubbles, dark mud banks.","2d rpg scroller. cartoon realism. no characters. no icons
background A stagnant pool of black water, oily sheen on the surface, bubbles, dark mud banks.","A stagnant pool of black water, oily sheen on the surface, bubbles, dark mud banks.. background for video game, side scroller, Greek times, realistic cartoon style, Ghibli with high density features. Empty space at the bottom of scene. Landscape. High quality. 4k.","A stagnant pool of black water, oily sheen on the surface, bubbles, dark mud banks. 160x160 pixels. cartoon, watercolour style. png. transparent background",,,
swamp,swamp_rusting_ferry,swamp_rusting_ferry_room,battle,s8,13,Rusting Ferry,A boat sits half-submerged in the muck.,,,drowned_sailor,,,,nail,"A rotted wooden ferry boat stuck in the mud, tattered sails, rusty chains, swampy decay.","2d rpg scroller. cartoon realism. no characters. no icons
background A rotted wooden ferry boat stuck in the mud, tattered sails, rusty chains, swampy decay.","A rotted wooden ferry boat stuck in the mud, tattered sails, rusty chains, swampy decay.. background for video game, side scroller, Greek times, realistic cartoon style, Ghibli with high density features. Empty space at the bottom of scene. Landscape. High quality. 4k.","A rotted wooden ferry boat stuck in the mud, tattered sails, rusty chains, swampy decay. 160x160 pixels. cartoon, watercolour style. png. transparent background",,,
swamp,swamp_tangled_mangroves,swamp_tangled_mangroves_room,battle,s9,13,Tangled Mangroves,The roots are a natural cage.,,,vine_strangler,,,,vine,"A dense wall of interlocking mangrove roots above the water, dark shadows, claustrophobic forest.","2d rpg scroller. cartoon realism. no characters. no icons
background A dense wall of interlocking mangrove roots above the water, dark shadows, claustrophobic forest.","A dense wall of interlocking mangrove roots above the water, dark shadows, claustrophobic forest.. background for video game, side scroller, Greek times, realistic cartoon style, Ghibli with high density features. Empty space at the bottom of scene. Landscape. High quality. 4k.","A dense wall of interlocking mangrove roots above the water, dark shadows, claustrophobic forest. 160x160 pixels. cartoon, watercolour style. png. transparent background",,,
swamp,swamp_bubbling_mire,swamp_bubbling_mire_room,battle,s10,13,Bubbling Mire,The smell of sulfur is overwhelming.,,,ooze_cube,,,,slime,"Greenish-yellow mud pits, thick smoke rising, strange chemical colors, toxic wasteland.","2d rpg scroller. cartoon realism. no characters. no icons
background Greenish-yellow mud pits, thick smoke rising, strange chemical colors, toxic wasteland.","Greenish-yellow mud pits, thick smoke rising, strange chemical colors, toxic wasteland.. background for video game, side scroller, Greek times, realistic cartoon style, Ghibli with high density features. Empty space at the bottom of scene. Landscape. High quality. 4k.","Greenish-yellow mud pits, thick smoke rising, strange chemical colors, toxic wasteland. 160x160 pixels. cartoon, watercolour style. png. transparent background",,,
swamp,swamp_deadwood_bridge,swamp_deadwood_bridge_room,battle,s11,13,Deadwood Bridge,The planks groan with every movement.,,,bridge_troll,,,,wood,"A rickety bridge made of grey rotting wood over a wide swamp, missing planks, unstable look.","2d rpg scroller. cartoon realism. no characters. no icons
background A rickety bridge made of grey rotting wood over a wide swamp, missing planks, unstable look.","A rickety bridge made of grey rotting wood over a wide swamp, missing planks, unstable look.. background for video game, side scroller, Greek times, realistic cartoon style, Ghibli with high density features. Empty space at the bottom of scene. Landscape. High quality. 4k.","A rickety bridge made of grey rotting wood over a wide swamp, missing planks, unstable look. 160x160 pixels. cartoon, watercolour style. png. transparent background",,,
swamp,swamp_mosquito_hive,swamp_mosquito_hive_room,battle,s12,13,Mosquito Hive,A constant drone fills your ears.,,,blood_flyer,,,,proboscis,"Giant paper-like nests hanging from trees, swarms of large insects, hazy air.","2d rpg scroller. cartoon realism. no characters. no icons
background Giant paper-like nests hanging from trees, swarms of large insects, hazy air.","Giant paper-like nests hanging from trees, swarms of large insects, hazy air.. background for video game, side scroller, Greek times, realistic cartoon style, Ghibli with high density features. Empty space at the bottom of scene. Landscape. High quality. 4k.","Giant paper-like nests hanging from trees, swarms of large insects, hazy air. 160x160 pixels. cartoon, watercolour style. png. transparent background",,,
swamp,swamp_shrunken_head_totem,swamp_shrunken_head_totem_room,battle,s13,14,Shrunken Head Totem,The trophies seem to watch you.,,,witch_doctor,,,,mask,"A wooden pole decorated with small carved heads and feathers, tribal swamp magic, unsettling.","2d rpg scroller. cartoon realism. no characters. no icons
background A wooden pole decorated with small carved heads and feathers, tribal swamp magic, unsettling.","A wooden pole decorated with small carved heads and feathers, tribal swamp magic, unsettling.. background for video game, side scroller, Greek times, realistic cartoon style, Ghibli with high density features. Empty space at the bottom of scene. Landscape. High quality. 4k.","A wooden pole decorated with small carved heads and feathers, tribal swamp magic, unsettling. 160x160 pixels. cartoon, watercolour style. png. transparent background",,,
swamp,swamp_sunken_altar,swamp_sunken_altar_room,battle,s14,14,Sunken Altar,An ancient god is being reclaimed by the mud.,,,naga_siren,,,,scale,"A stone platform partially underwater, snake-like statues, green algae, forgotten ritual site.","2d rpg scroller. cartoon realism. no characters. no icons
background A stone platform partially underwater, snake-like statues, green algae, forgotten ritual site.","A stone platform partially underwater, snake-like statues, green algae, forgotten ritual site.. background for video game, side scroller, Greek times, realistic cartoon style, Ghibli with high density features. Empty space at the bottom of scene. Landscape. High quality. 4k.","A stone platform partially underwater, snake-like statues, green algae, forgotten ritual site. 160x160 pixels. cartoon, watercolour style. png. transparent background",,,
swamp,swamp_blackwater_dock,swamp_blackwater_dock_room,battle,s15,14,Blackwater Dock,Old fishing nets are filled with bones.,,,crab_monstrosity,,,,shell,"A ruined wooden pier, black water, nets filled with strange skeletons, seaside swamp.","2d rpg scroller. cartoon realism. no characters. no icons
background A ruined wooden pier, black water, nets filled with strange skeletons, seaside swamp.","A ruined wooden pier, black water, nets filled with strange skeletons, seaside swamp.. background for video game, side scroller, Greek times, realistic cartoon style, Ghibli with high density features. Empty space at the bottom of scene. Landscape. High quality. 4k.","A ruined wooden pier, black water, nets filled with strange skeletons, seaside swamp. 160x160 pixels. cartoon, watercolour style. png. transparent background",,,
swamp,swamp_foggy_meadow,swamp_foggy_meadow_room,battle,s16,14,Foggy Meadow,The grass is razor sharp.,,,swamp_cat,,,,claw,"Tall grey-green grass, mist at waist height, sharp jagged edges on plants, muted colors.","2d rpg scroller. cartoon realism. no characters. no icons
background Tall grey-green grass, mist at waist height, sharp jagged edges on plants, muted colors.","Tall grey-green grass, mist at waist height, sharp jagged edges on plants, muted colors.. background for video game, side scroller, Greek times, realistic cartoon style, Ghibli with high density features. Empty space at the bottom of scene. Landscape. High quality. 4k.","Tall grey-green grass, mist at waist height, sharp jagged edges on plants, muted colors. 160x160 pixels. cartoon, watercolour style. png. transparent background",,,
swamp,swamp_blighted_orchard,swamp_blighted_orchard_room,battle,s17,14,Blighted Orchard,Fruit here is black and dripping with bile.,,,rot_spirit,,,,spore,"Dead fruit trees with black oozing fruit, swarms of flies, grey soil, decaying garden.","2d rpg scroller. cartoon realism. no characters. no icons
background Dead fruit trees with black oozing fruit, swarms of flies, grey soil, decaying garden.","Dead fruit trees with black oozing fruit, swarms of flies, grey soil, decaying garden.. background for video game, side scroller, Greek times, realistic cartoon style, Ghibli with high density features. Empty space at the bottom of scene. Landscape. High quality. 4k.","Dead fruit trees with black oozing fruit, swarms of flies, grey soil, decaying garden. 160x160 pixels. cartoon, watercolour style. png. transparent background",,,
swamp,swamp_hermits_stump,swamp_hermits_stump_room,event,s18,,Hermit's Stump,,s18_hermit,old_man_bog,,,,,pipe,"A massive hollowed-out stump used as a house, a small chimney smoking, cozy inside but swampy outside.","2d rpg scroller. cartoon realism. no characters. no icons
background A massive hollowed-out stump used as a house, a small chimney smoking, cozy inside but swampy outside.","A massive hollowed-out stump used as a house, a small chimney smoking, cozy inside but swampy outside.. background for video game, side scroller, Greek times, realistic cartoon style, Ghibli with high density features. Empty space at the bottom of scene. Landscape. High quality. 4k.","A massive hollowed-out stump used as a house, a small chimney smoking, cozy inside but swampy outside. 160x160 pixels. cartoon, watercolour style. png. transparent background",,,
swamp,swamp_grave_of_giants,swamp_grave_of_giants_room,battle,s19,14,Grave of Giants,Ribcages rise from the swamp like arches.,,,undead_giant,,,,bone,"Massive white ribs of a colossal beast rising from the muck, creating a tunnel of bone.","2d rpg scroller. cartoon realism. no characters. no icons
background Massive white ribs of a colossal beast rising from the muck, creating a tunnel of bone.","Massive white ribs of a colossal beast rising from the muck, creating a tunnel of bone.. background for video game, side scroller, Greek times, realistic cartoon style, Ghibli with high density features. Empty space at the bottom of scene. Landscape. High quality. 4k.","Massive white ribs of a colossal beast rising from the muck, creating a tunnel of bone. 160x160 pixels. cartoon, watercolour style. png. transparent background",,,
swamp,swamp_the_heart_of_decay,swamp_the_heart_of_decay_room,battle,s20,14,The Heart of Decay,,s20_boss,,the_hydra,,,,hydra_scale,"A massive multi-headed hydra in a pool of bubbling black rot, giant rotting trees, boss arena.","2d rpg scroller. cartoon realism. no characters. no icons
background A massive multi-headed hydra in a pool of bubbling black rot, giant rotting trees, boss arena.","A massive multi-headed hydra in a pool of bubbling black rot, giant rotting trees, boss arena.. background for video game, side scroller, Greek times, realistic cartoon style, Ghibli with high density features. Empty space at the bottom of scene. Landscape. High quality. 4k.","A massive multi-headed hydra in a pool of bubbling black rot, giant rotting trees, boss arena. 160x160 pixels. cartoon, watercolour style. png. transparent background",,,
swamp,swamp_home,swamp_home_room,home,s0,0,Home room,,,,,,,,,A stilt-house perched above murky green waters. The interior is damp with hanging vines and jars of preserved swamp gas.,,"A stilt-house perched above murky green waters. The interior is damp with hanging vines and jars of preserved swamp gas.. background for video game, side scroller, Greek times, realistic cartoon style, Ghibli with high density features. Empty space at the bottom of scene. Landscape. High quality. 4k.","A stilt-house perched above murky green waters. The interior is damp with hanging vines and jars of preserved swamp gas. 160x160 pixels. cartoon, watercolour style. png. transparent background",,,A stilt-house perched above murky green waters. The interior is damp with hanging vines and jars of preserved swamp gas.
swamp,swamp_default,swamp_default_room,event,s21,14,Default Room,,,,,,,,,A treacherous marshland of gnarled mangroves and bubbling peat bogs. Thick fog clings to the surface obscuring predatory eyes.,,"A treacherous marshland of gnarled mangroves and bubbling peat bogs. Thick fog clings to the surface obscuring predatory eyes.. background for video game, side scroller, Greek times, realistic cartoon style, Ghibli with high density features. Empty space at the bottom of scene. Landscape. High quality. 4k.","A treacherous marshland of gnarled mangroves and bubbling peat bogs. Thick fog clings to the surface obscuring predatory eyes. 160x160 pixels. cartoon, watercolour style. png. transparent background",,,A treacherous marshland of gnarled mangroves and bubbling peat bogs. Thick fog clings to the surface obscuring predatory eyes.
swamp,swamp_boss,swamp_boss_room,boss,s22,17,Boss Room,,,,,,,,,A stagnant black pool surrounded by decaying willow trees. Bubbles of toxic gas rise as a massive reptilian shape stirs beneath the surface.,,"A stagnant black pool surrounded by decaying willow trees. Bubbles of toxic gas rise as a massive reptilian shape stirs beneath the surface.. background for video game, side scroller, Greek times, realistic cartoon style, Ghibli with high density features. Empty space at the bottom of scene. Landscape. High quality. 4k.","A stagnant black pool surrounded by decaying willow trees. Bubbles of toxic gas rise as a massive reptilian shape stirs beneath the surface. 160x160 pixels. cartoon, watercolour style. png. transparent background",,,A stagnant black pool surrounded by decaying willow trees. Bubbles of toxic gas rise as a massive reptilian shape stirs beneath the surface.
abyss,abyss_crushing_trench,abyss_crushing_trench_room,battle,a1,15,Crushing Trench,The pressure here makes your bones ache.,,,deep_lurker,,,,iron,"Extreme deep sea, dark blue-black water, jagged trench walls, tiny specks of light, oppressive scale.","2d rpg scroller. cartoon realism. no characters. no icons
background Extreme deep sea, dark blue-black water, jagged trench walls, tiny specks of light, oppressive scale.","Extreme deep sea, dark blue-black water, jagged trench walls, tiny specks of light, oppressive scale.. background for video game, side scroller, Greek times, realistic cartoon style, Ghibli with high density features. Empty space at the bottom of scene. Landscape. High quality. 4k.","Extreme deep sea, dark blue-black water, jagged trench walls, tiny specks of light, oppressive scale. 160x160 pixels. cartoon, watercolour style. png. transparent background",,,
abyss,abyss_bioluminescent_reef,abyss_bioluminescent_reef_room,battle,a2,15,Bioluminescent Reef,Strange corals glow with a sickly neon light.,,,glow_eel,,,,neon_ink,"Underwater reef with neon pink, blue, and green glowing corals, exotic fish, vibrant alien beauty.","2d rpg scroller. cartoon realism. no characters. no icons
background Underwater reef with neon pink, blue, and green glowing corals, exotic fish, vibrant alien beauty.","Underwater reef with neon pink, blue, and green glowing corals, exotic fish, vibrant alien beauty.. background for video game, side scroller, Greek times, realistic cartoon style, Ghibli with high density features. Empty space at the bottom of scene. Landscape. High quality. 4k.","Underwater reef with neon pink, blue, and green glowing corals, exotic fish, vibrant alien beauty. 160x160 pixels. cartoon, watercolour style. png. transparent background",,,
abyss,abyss_sunken_galleon,abyss_sunken_galleon_room,battle,a3,15,Sunken Galleon,Gold glitters among the rotted wood.,,,drowned_captain,,,,doubloon,"A shipwreck on the ocean floor, broken masts, schools of fish, treasure chests spilling gold.","2d rpg scroller. cartoon realism. no characters. no icons
background A shipwreck on the ocean floor, broken masts, schools of fish, treasure chests spilling gold.","A shipwreck on the ocean floor, broken masts, schools of fish, treasure chests spilling gold.. background for video game, side scroller, Greek times, realistic cartoon style, Ghibli with high density features. Empty space at the bottom of scene. Landscape. High quality. 4k.","A shipwreck on the ocean floor, broken masts, schools of fish, treasure chests spilling gold. 160x160 pixels. cartoon, watercolour style. png. transparent background",,,
abyss,abyss_pressure_chamber,abyss_pressure_chamber_room,event,a4,,Pressure Chamber,A pocket of air in the deep sea.,,diver,,,,,oxygen,"A high-tech or magical glass dome underwater, dry floor, view of the ocean outside, steampunk diving.","2d rpg scroller. cartoon realism. no characters. no icons
background A high-tech or magical glass dome underwater, dry floor, view of the ocean outside, steampunk diving.","A high-tech or magical glass dome underwater, dry floor, view of the ocean outside, steampunk diving.. background for video game, side scroller, Greek times, realistic cartoon style, Ghibli with high density features. Empty space at the bottom of scene. Landscape. High quality. 4k.","A high-tech or magical glass dome underwater, dry floor, view of the ocean outside, steampunk diving. 160x160 pixels. cartoon, watercolour style. png. transparent background",,,
abyss,abyss_whale_fall,abyss_whale_fall_room,battle,a5,15,Whale Fall,A massive skeleton sustains a small ecosystem.,,,bone_picker,,,,oil,"A huge whale skeleton on the sea floor, glowing crabs and worms, spiritual and macabre.","2d rpg scroller. cartoon realism. no characters. no icons
background A huge whale skeleton on the sea floor, glowing crabs and worms, spiritual and macabre.","A huge whale skeleton on the sea floor, glowing crabs and worms, spiritual and macabre.. background for video game, side scroller, Greek times, realistic cartoon style, Ghibli with high density features. Empty space at the bottom of scene. Landscape. High quality. 4k.","A huge whale skeleton on the sea floor, glowing crabs and worms, spiritual and macabre. 160x160 pixels. cartoon, watercolour style. png. transparent background",,,
abyss,abyss_thermal_vent,abyss_thermal_vent_room,battle,a6,15,Thermal Vent,Scalding water shoots from the sea floor.,,,heat_crab,,,,sulfur,"Underwater volcanic chimney, black smoke, glowing red lava in cracks, bubbles, intense heat.","2d rpg scroller. cartoon realism. no characters. no icons
background Underwater volcanic chimney, black smoke, glowing red lava in cracks, bubbles, intense heat.","Underwater volcanic chimney, black smoke, glowing red lava in cracks, bubbles, intense heat.. background for video game, side scroller, Greek times, realistic cartoon style, Ghibli with high density features. Empty space at the bottom of scene. Landscape. High quality. 4k.","Underwater volcanic chimney, black smoke, glowing red lava in cracks, bubbles, intense heat. 160x160 pixels. cartoon, watercolour style. png. transparent background",,,
abyss,abyss_silent_cathedral,abyss_silent_cathedral_room,battle,a7,15,Silent Cathedral,A massive underwater cave where sound dies.,,,void_ray,,,,echo,"A vast hollow underwater space with pillars like a church, still water, ethereal blue light.","2d rpg scroller. cartoon realism. no characters. no icons
background A vast hollow underwater space with pillars like a church, still water, ethereal blue light.","A vast hollow underwater space with pillars like a church, still water, ethereal blue light.. background for video game, side scroller, Greek times, realistic cartoon style, Ghibli with high density features. Empty space at the bottom of scene. Landscape. High quality. 4k.","A vast hollow underwater space with pillars like a church, still water, ethereal blue light. 160x160 pixels. cartoon, watercolour style. png. transparent background",,,
abyss,abyss_the_maw,abyss_the_maw_room,battle,a8,15,The Maw,A cave entrance that looks like a row of teeth.,,,angler_fiend,,,,lamp,"A jagged cave opening underwater with sharp rock formations, a single lure-light in the dark.","2d rpg scroller. cartoon realism. no characters. no icons
background A jagged cave opening underwater with sharp rock formations, a single lure-light in the dark.","A jagged cave opening underwater with sharp rock formations, a single lure-light in the dark.. background for video game, side scroller, Greek times, realistic cartoon style, Ghibli with high density features. Empty space at the bottom of scene. Landscape. High quality. 4k.","A jagged cave opening underwater with sharp rock formations, a single lure-light in the dark. 160x160 pixels. cartoon, watercolour style. png. transparent background",,,
abyss,abyss_jellyfish_forest,abyss_jellyfish_forest_room,battle,a9,16,Jellyfish Forest,Stinging tentacles hang like vines.,,,shock_jelly,,,,gel,"Hundreds of giant translucent glowing jellyfish floating in the dark water, long stinging trails.","2d rpg scroller. cartoon realism. no characters. no icons
background Hundreds of giant translucent glowing jellyfish floating in the dark water, long stinging trails.","Hundreds of giant translucent glowing jellyfish floating in the dark water, long stinging trails.. background for video game, side scroller, Greek times, realistic cartoon style, Ghibli with high density features. Empty space at the bottom of scene. Landscape. High quality. 4k.","Hundreds of giant translucent glowing jellyfish floating in the dark water, long stinging trails. 160x160 pixels. cartoon, watercolour style. png. transparent background",,,
abyss,abyss_coral_throne,abyss_coral_throne_room,battle,a10,16,Coral Throne,The ruler of the deep sat here once.,,,merrow_king,,,,trident,"A throne made of sharp red coral, underwater courtyard, sand-covered floor, majestic.","2d rpg scroller. cartoon realism. no characters. no icons
background A throne made of sharp red coral, underwater courtyard, sand-covered floor, majestic.","A throne made of sharp red coral, underwater courtyard, sand-covered floor, majestic.. background for video game, side scroller, Greek times, realistic cartoon style, Ghibli with high density features. Empty space at the bottom of scene. Landscape. High quality. 4k.","A throne made of sharp red coral, underwater courtyard, sand-covered floor, majestic. 160x160 pixels. cartoon, watercolour style. png. transparent background",,,
abyss,abyss_dark_current,abyss_dark_current_room,battle,a11,16,Dark Current,A fast moving stream of freezing water.,,,current_wraith,,,,water_essence,"A swirling vortex of blue-black water, bubbles, high motion, underwater river.","2d rpg scroller. cartoon realism. no characters. no icons
background A swirling vortex of blue-black water, bubbles, high motion, underwater river.","A swirling vortex of blue-black water, bubbles, high motion, underwater river.. background for video game, side scroller, Greek times, realistic cartoon style, Ghibli with high density features. Empty space at the bottom of scene. Landscape. High quality. 4k.","A swirling vortex of blue-black water, bubbles, high motion, underwater river. 160x160 pixels. cartoon, watercolour style. png. transparent background",,,
abyss,abyss_lost_city_gates,abyss_lost_city_gates_room,battle,a12,16,Lost City Gates,Architecture that defies human logic.,,,stone_guardian,,,,glyph,"Giant stone gates with impossible geometry, glowing carvings, underwater ruins.","2d rpg scroller. cartoon realism. no characters. no icons
background Giant stone gates with impossible geometry, glowing carvings, underwater ruins.","Giant stone gates with impossible geometry, glowing carvings, underwater ruins.. background for video game, side scroller, Greek times, realistic cartoon style, Ghibli with high density features. Empty space at the bottom of scene. Landscape. High quality. 4k.","Giant stone gates with impossible geometry, glowing carvings, underwater ruins. 160x160 pixels. cartoon, watercolour style. png. transparent background",,,
abyss,abyss_octopus_den,abyss_octopus_den_room,battle,a13,16,Octopus Den,Ink clouds the water at the slightest movement.,,,mimic_octopus,,,,ink,"A cave of round smooth stones, black ink clouds, many eyes watching from the dark.","2d rpg scroller. cartoon realism. no characters. no icons
background A cave of round smooth stones, black ink clouds, many eyes watching from the dark.","A cave of round smooth stones, black ink clouds, many eyes watching from the dark.. background for video game, side scroller, Greek times, realistic cartoon style, Ghibli with high density features. Empty space at the bottom of scene. Landscape. High quality. 4k.","A cave of round smooth stones, black ink clouds, many eyes watching from the dark. 160x160 pixels. cartoon, watercolour style. png. transparent background",,,
abyss,abyss_the_abyss_wall,abyss_the_abyss_wall_room,battle,a14,16,The Abyss Wall,A cliff that drops into infinite darkness.,,,climbing_horror,,,,hook,"An underwater precipice, looking down into a bottomless black hole, school of fish for scale.","2d rpg scroller. cartoon realism. no characters. no icons
background An underwater precipice, looking down into a bottomless black hole, school of fish for scale.","An underwater precipice, looking down into a bottomless black hole, school of fish for scale.. background for video game, side scroller, Greek times, realistic cartoon style, Ghibli with high density features. Empty space at the bottom of scene. Landscape. High quality. 4k.","An underwater precipice, looking down into a bottomless black hole, school of fish for scale. 160x160 pixels. cartoon, watercolour style. png. transparent background",,,
abyss,abyss_sunken_library,abyss_sunken_library_room,battle,a15,16,Sunken Library,The books are made of etched stone.,,,archive_spirit,,,,slate,"Stone tablets arranged on shelves underwater, floating spirits, ancient knowledge aesthetic.","2d rpg scroller. cartoon realism. no characters. no icons
background Stone tablets arranged on shelves underwater, floating spirits, ancient knowledge aesthetic.","Stone tablets arranged on shelves underwater, floating spirits, ancient knowledge aesthetic.. background for video game, side scroller, Greek times, realistic cartoon style, Ghibli with high density features. Empty space at the bottom of scene. Landscape. High quality. 4k.","Stone tablets arranged on shelves underwater, floating spirits, ancient knowledge aesthetic. 160x160 pixels. cartoon, watercolour style. png. transparent background",,,
abyss,abyss_obsidian_ridge,abyss_obsidian_ridge_room,battle,a16,16,Obsidian Ridge,Sharp volcanic rock cuts through your boots.,,,lava_fish,,,,magma_stone,"Jagged black glass-like rock formations on the sea floor, sharp edges, volcanic activity.","2d rpg scroller. cartoon realism. no characters. no icons
background Jagged black glass-like rock formations on the sea floor, sharp edges, volcanic activity.","Jagged black glass-like rock formations on the sea floor, sharp edges, volcanic activity.. background for video game, side scroller, Greek times, realistic cartoon style, Ghibli with high density features. Empty space at the bottom of scene. Landscape. High quality. 4k.","Jagged black glass-like rock formations on the sea floor, sharp edges, volcanic activity. 160x160 pixels. cartoon, watercolour style. png. transparent background",,,
abyss,abyss_pearl_grotto,abyss_pearl_grotto_room,event,a17,,Pearl Grotto,,a17_pearl,clam_god,,,,,giant_pearl,"A cave of shimmering shells, a single giant pearl on a pedestal, soft pearlescent lighting.","2d rpg scroller. cartoon realism. no characters. no icons
background A cave of shimmering shells, a single giant pearl on a pedestal, soft pearlescent lighting.","A cave of shimmering shells, a single giant pearl on a pedestal, soft pearlescent lighting.. background for video game, side scroller, Greek times, realistic cartoon style, Ghibli with high density features. Empty space at the bottom of scene. Landscape. High quality. 4k.","A cave of shimmering shells, a single giant pearl on a pedestal, soft pearlescent lighting. 160x160 pixels. cartoon, watercolour style. png. transparent background",,,
abyss,abyss_kelp_tangle,abyss_kelp_tangle_room,battle,a18,17,Kelp Tangle,The seaweed seems to move on its own.,,,kelp_fiend,,,,fiber,"Dense forest of giant kelp, sunlight filtering from the surface, swaying green leaves.","2d rpg scroller. cartoon realism. no characters. no icons
background Dense forest of giant kelp, sunlight filtering from the surface, swaying green leaves.","Dense forest of giant kelp, sunlight filtering from the surface, swaying green leaves.. background for video game, side scroller, Greek times, realistic cartoon style, Ghibli with high density features. Empty space at the bottom of scene. Landscape. High quality. 4k.","Dense forest of giant kelp, sunlight filtering from the surface, swaying green leaves. 160x160 pixels. cartoon, watercolour style. png. transparent background",,,
abyss,abyss_deep_forge,abyss_deep_forge_room,battle,a19,17,Deep Forge,Forging weapons using the heat of the earth.,,,abyssal_smith,,,,dark_steel,"Underwater furnace using a magma vent, steam rising, dark metal tools, mystical blacksmith.","2d rpg scroller. cartoon realism. no characters. no icons
background Underwater furnace using a magma vent, steam rising, dark metal tools, mystical blacksmith.","Underwater furnace using a magma vent, steam rising, dark metal tools, mystical blacksmith.. background for video game, side scroller, Greek times, realistic cartoon style, Ghibli with high density features. Empty space at the bottom of scene. Landscape. High quality. 4k.","Underwater furnace using a magma vent, steam rising, dark metal tools, mystical blacksmith. 160x160 pixels. cartoon, watercolour style. png. transparent background",,,
abyss,abyss_leviathans_bed,abyss_leviathans_bed_room,battle,a20,17,Leviathan's Bed,,a20_boss,,the_leviathan,,,,ocean_heart,"A colossal sea monster skeleton or resting beast in a vast cavern, glowing bioluminescence, epic boss room.","2d rpg scroller. cartoon realism. no characters. no icons
background A colossal sea monster skeleton or resting beast in a vast cavern, glowing bioluminescence, epic boss room.","A colossal sea monster skeleton or resting beast in a vast cavern, glowing bioluminescence, epic boss room.. background for video game, side scroller, Greek times, realistic cartoon style, Ghibli with high density features. Empty space at the bottom of scene. Landscape. High quality. 4k.","A colossal sea monster skeleton or resting beast in a vast cavern, glowing bioluminescence, epic boss room. 160x160 pixels. cartoon, watercolour style. png. transparent background",,,
abyss,abyss_home,abyss_home_room,home,a0,0,Home room,,,,,,,,,A pocket of safety within a dark rift supported by magical tethers. Gravity feels light and the walls pulse with purple energy.,,"A pocket of safety within a dark rift supported by magical tethers. Gravity feels light and the walls pulse with purple energy.. background for video game, side scroller, Greek times, realistic cartoon style, Ghibli with high density features. Empty space at the bottom of scene. Landscape. High quality. 4k.","A pocket of safety within a dark rift supported by magical tethers. Gravity feels light and the walls pulse with purple energy. 160x160 pixels. cartoon, watercolour style. png. transparent background",,,
abyss,abyss_default,abyss_default_room,event,a21,17,Default Room,,,,,,,,,A vertical descent through floating obsidian platforms. The sky is a vortex of indigo clouds and crackling dark lightning.,,"A vertical descent through floating obsidian platforms. The sky is a vortex of indigo clouds and crackling dark lightning.. background for video game, side scroller, Greek times, realistic cartoon style, Ghibli with high density features. Empty space at the bottom of scene. Landscape. High quality. 4k.","A vertical descent through floating obsidian platforms. The sky is a vortex of indigo clouds and crackling dark lightning. 160x160 pixels. cartoon, watercolour style. png. transparent background",,,
abyss,abyss_boss,abyss_boss_room,boss,a22,20,Boss Room,,,,,,,,,An altar of pure shadow floating in a starless void. The architecture defies geometry twisting and folding into itself.,,"An altar of pure shadow floating in a starless void. The architecture defies geometry twisting and folding into itself.. background for video game, side scroller, Greek times, realistic cartoon style, Ghibli with high density features. Empty space at the bottom of scene. Landscape. High quality. 4k.","An altar of pure shadow floating in a starless void. The architecture defies geometry twisting and folding into itself. 160x160 pixels. cartoon, watercolour style. png. transparent background",,,
void,void_void_gate,void_void_gate_room,battle,v1,17,Void Gate,,v1_gate,,void_stalker,,,,scroll,"A swirling portal of purple and black energy, floating rocks, stars in the background, cosmic horror.","2d rpg scroller. cartoon realism. no characters. no icons
background A swirling portal of purple and black energy, floating rocks, stars in the background, cosmic horror.","A swirling portal of purple and black energy, floating rocks, stars in the background, cosmic horror.. background for video game, side scroller, Greek times, realistic cartoon style, Ghibli with high density features. Empty space at the bottom of scene. Landscape. High quality. 4k.","A swirling portal of purple and black energy, floating rocks, stars in the background, cosmic horror. 160x160 pixels. cartoon, watercolour style. png. transparent background",,,
void,void_mind_maze,void_mind_maze_room,battle,v2,17,Mind Maze,,v2_mirror,,brain_eater,,,,lightning,"A maze of floating mirrors and glass walkways in a starry void, impossible paths.","2d rpg scroller. cartoon realism. no characters. no icons
background A maze of floating mirrors and glass walkways in a starry void, impossible paths.","A maze of floating mirrors and glass walkways in a starry void, impossible paths.. background for video game, side scroller, Greek times, realistic cartoon style, Ghibli with high density features. Empty space at the bottom of scene. Landscape. High quality. 4k.","A maze of floating mirrors and glass walkways in a starry void, impossible paths. 160x160 pixels. cartoon, watercolour style. png. transparent background",,,
void,void_blood_fountain,void_blood_fountain_room,battle,v3,17,Blood Fountain,A metallic scent fills the air; the liquid is warm.,,,vampire_lord,,,,heart,"A gothic fountain of dark red liquid, black marble, purple sky, dark fantasy.","2d rpg scroller. cartoon realism. no characters. no icons
background A gothic fountain of dark red liquid, black marble, purple sky, dark fantasy.","A gothic fountain of dark red liquid, black marble, purple sky, dark fantasy.. background for video game, side scroller, Greek times, realistic cartoon style, Ghibli with high density features. Empty space at the bottom of scene. Landscape. High quality. 4k.","A gothic fountain of dark red liquid, black marble, purple sky, dark fantasy. 160x160 pixels. cartoon, watercolour style. png. transparent background",,,
void,void_obsidian_forge,void_obsidian_forge_room,battle,v4,17,Obsidian Forge,"The hammers never stop, even with no one at the anvils.",,,forge_automaton,,,,shield,"Floating anvils, phantom hammers, dark black metal, magical purple sparks, no floor.","2d rpg scroller. cartoon realism. no characters. no icons
background Floating anvils, phantom hammers, dark black metal, magical purple sparks, no floor.","Floating anvils, phantom hammers, dark black metal, magical purple sparks, no floor.. background for video game, side scroller, Greek times, realistic cartoon style, Ghibli with high density features. Empty space at the bottom of scene. Landscape. High quality. 4k.","Floating anvils, phantom hammers, dark black metal, magical purple sparks, no floor. 160x160 pixels. cartoon, watercolour style. png. transparent background",,,
void,void_final_descent,void_final_descent_room,battle,v5,18,Final Descent,This is the end of the line. The air is still.,,,the_keeper,,,,key,"A long stone staircase leading down into a white abyss, silence, minimalist and heavy.","2d rpg scroller. cartoon realism. no characters. no icons
background A long stone staircase leading down into a white abyss, silence, minimalist and heavy.","A long stone staircase leading down into a white abyss, silence, minimalist and heavy.. background for video game, side scroller, Greek times, realistic cartoon style, Ghibli with high density features. Empty space at the bottom of scene. Landscape. High quality. 4k.","A long stone staircase leading down into a white abyss, silence, minimalist and heavy. 160x160 pixels. cartoon, watercolour style. png. transparent background",,,
void,void_event_horizon,void_event_horizon_room,battle,v6,18,Event Horizon,Light stretches and breaks in this place.,,,gravity_well,,,,singularity,"A black hole core, light bending around it, distorted reality, cosmic scale.","2d rpg scroller. cartoon realism. no characters. no icons
background A black hole core, light bending around it, distorted reality, cosmic scale.","A black hole core, light bending around it, distorted reality, cosmic scale.. background for video game, side scroller, Greek times, realistic cartoon style, Ghibli with high density features. Empty space at the bottom of scene. Landscape. High quality. 4k.","A black hole core, light bending around it, distorted reality, cosmic scale. 160x160 pixels. cartoon, watercolour style. png. transparent background",,,
void,void_fractal_edge,void_fractal_edge_room,battle,v7,18,Fractal Edge,The walls repeat infinitely into the distance.,,,echo_shade,,,,mirror,"Infinite repeating geometric patterns, neon lines, trippy and abstract void space.","2d rpg scroller. cartoon realism. no characters. no icons
background Infinite repeating geometric patterns, neon lines, trippy and abstract void space.","Infinite repeating geometric patterns, neon lines, trippy and abstract void space.. background for video game, side scroller, Greek times, realistic cartoon style, Ghibli with high density features. Empty space at the bottom of scene. Landscape. High quality. 4k.","Infinite repeating geometric patterns, neon lines, trippy and abstract void space. 160x160 pixels. cartoon, watercolour style. png. transparent background",,,
void,void_null_space,void_null_space_room,battle,v8,18,Null Space,"There is no color here, only static.",,,glitch_horror,,,,binary_code,"A world of black and white static, glitching reality, digital horror aesthetic.","2d rpg scroller. cartoon realism. no characters. no icons
background A world of black and white static, glitching reality, digital horror aesthetic.","A world of black and white static, glitching reality, digital horror aesthetic.. background for video game, side scroller, Greek times, realistic cartoon style, Ghibli with high density features. Empty space at the bottom of scene. Landscape. High quality. 4k.","A world of black and white static, glitching reality, digital horror aesthetic. 160x160 pixels. cartoon, watercolour style. png. transparent background",,,
void,void_the_rift,void_the_rift_room,battle,v9,18,The Rift,A tear in reality leaking purple energy.,,,rift_walker,,,,void_energy,"A jagged crack in the sky, glowing energy pouring out, floating debris.","2d rpg scroller. cartoon realism. no characters. no icons
background A jagged crack in the sky, glowing energy pouring out, floating debris.","A jagged crack in the sky, glowing energy pouring out, floating debris.. background for video game, side scroller, Greek times, realistic cartoon style, Ghibli with high density features. Empty space at the bottom of scene. Landscape. High quality. 4k.","A jagged crack in the sky, glowing energy pouring out, floating debris. 160x160 pixels. cartoon, watercolour style. png. transparent background",,,
void,void_memory_fragment,void_memory_fragment_room,event,v10,,Memory Fragment,,v10_memory,past_self,,,,,tear,A floating piece of a childhood room or peaceful garden in the middle of a dark void.,"2d rpg scroller. cartoon realism. no characters. no icons
background A floating piece of a childhood room or peaceful garden in the middle of a dark void.","A floating piece of a childhood room or peaceful garden in the middle of a dark void.. background for video game, side scroller, Greek times, realistic cartoon style, Ghibli with high density features. Empty space at the bottom of scene. Landscape. High quality. 4k.","A floating piece of a childhood room or peaceful garden in the middle of a dark void. 160x160 pixels. cartoon, watercolour style. png. transparent background",,,
void,void_echoing_silence,void_echoing_silence_room,battle,v11,18,Echoing Silence,The lack of sound is deafening.,,,silent_one,,,,muffled_bell,"A vast empty white room with a single small bell, no shadows, surreal minimalism.","2d rpg scroller. cartoon realism. no characters. no icons
background A vast empty white room with a single small bell, no shadows, surreal minimalism.","A vast empty white room with a single small bell, no shadows, surreal minimalism.. background for video game, side scroller, Greek times, realistic cartoon style, Ghibli with high density features. Empty space at the bottom of scene. Landscape. High quality. 4k.","A vast empty white room with a single small bell, no shadows, surreal minimalism. 160x160 pixels. cartoon, watercolour style. png. transparent background",,,
void,void_gravity_flip,void_gravity_flip_room,battle,v12,18,Gravity Flip,"Up is down, and you feel nauseous.",,,inverse_specter,,,,magnet,"An upside-down landscape, waterfalls flowing up, floating islands, disorienting perspective.","2d rpg scroller. cartoon realism. no characters. no icons
background An upside-down landscape, waterfalls flowing up, floating islands, disorienting perspective.","An upside-down landscape, waterfalls flowing up, floating islands, disorienting perspective.. background for video game, side scroller, Greek times, realistic cartoon style, Ghibli with high density features. Empty space at the bottom of scene. Landscape. High quality. 4k.","An upside-down landscape, waterfalls flowing up, floating islands, disorienting perspective. 160x160 pixels. cartoon, watercolour style. png. transparent background",,,
void,void_star_nursery,void_star_nursery_room,battle,v13,19,Star Nursery,Gases swirl to create new suns.,,,nebula_beast,,,,stardust,"Colorful nebula clouds of pink, blue, and gold, glowing suns being born, cosmic beauty.","2d rpg scroller. cartoon realism. no characters. no icons
background Colorful nebula clouds of pink, blue, and gold, glowing suns being born, cosmic beauty.","Colorful nebula clouds of pink, blue, and gold, glowing suns being born, cosmic beauty.. background for video game, side scroller, Greek times, realistic cartoon style, Ghibli with high density features. Empty space at the bottom of scene. Landscape. High quality. 4k.","Colorful nebula clouds of pink, blue, and gold, glowing suns being born, cosmic beauty. 160x160 pixels. cartoon, watercolour style. png. transparent background",,,
void,void_the_unmaking,void_the_unmaking_room,battle,v14,19,The Unmaking,Things here are slowly dissolving into nothing.,,,entropy_fiend,,,,dust,"A castle slowly turning into sand and floating away, disintegration, fading colors.","2d rpg scroller. cartoon realism. no characters. no icons
background A castle slowly turning into sand and floating away, disintegration, fading colors.","A castle slowly turning into sand and floating away, disintegration, fading colors.. background for video game, side scroller, Greek times, realistic cartoon style, Ghibli with high density features. Empty space at the bottom of scene. Landscape. High quality. 4k.","A castle slowly turning into sand and floating away, disintegration, fading colors. 160x160 pixels. cartoon, watercolour style. png. transparent background",,,
void,void_glass_ceiling,void_glass_ceiling_room,battle,v15,19,Glass Ceiling,You can see other worlds through the floor.,,,watcher,,,,glass_eye,"A transparent floor showing a galaxy below, celestial beings looking up, god-like perspective.","2d rpg scroller. cartoon realism. no characters. no icons
background A transparent floor showing a galaxy below, celestial beings looking up, god-like perspective.","A transparent floor showing a galaxy below, celestial beings looking up, god-like perspective.. background for video game, side scroller, Greek times, realistic cartoon style, Ghibli with high density features. Empty space at the bottom of scene. Landscape. High quality. 4k.","A transparent floor showing a galaxy below, celestial beings looking up, god-like perspective. 160x160 pixels. cartoon, watercolour style. png. transparent background",,,
void,void_void_market,void_void_market_room,event,v16,,Void Market,,v16_market,void_trader,,,,,strange_coin,"Spectral merchants at floating stalls, selling items made of light and shadow.","2d rpg scroller. cartoon realism. no characters. no icons
background Spectral merchants at floating stalls, selling items made of light and shadow.","Spectral merchants at floating stalls, selling items made of light and shadow.. background for video game, side scroller, Greek times, realistic cartoon style, Ghibli with high density features. Empty space at the bottom of scene. Landscape. High quality. 4k.","Spectral merchants at floating stalls, selling items made of light and shadow. 160x160 pixels. cartoon, watercolour style. png. transparent background",,,
void,void_clockwork_void,void_clockwork_void_room,battle,v17,19,Clockwork Void,Massive gears turn without purpose.,,,time_keeper,,,,gear,"Infinite brass gears floating in a dark space, ticking sounds, steampunk cosmic void.","2d rpg scroller. cartoon realism. no characters. no icons
background Infinite brass gears floating in a dark space, ticking sounds, steampunk cosmic void.","Infinite brass gears floating in a dark space, ticking sounds, steampunk cosmic void.. background for video game, side scroller, Greek times, realistic cartoon style, Ghibli with high density features. Empty space at the bottom of scene. Landscape. High quality. 4k.","Infinite brass gears floating in a dark space, ticking sounds, steampunk cosmic void. 160x160 pixels. cartoon, watercolour style. png. transparent background",,,
void,void_shadow_theatre,void_shadow_theatre_room,battle,v18,19,Shadow Theatre,Shadows act out your greatest fears.,,,fear_phantom,,,,mask,"A stage where the actors are silhouettes, creepy lighting, dramatic and psychological.","2d rpg scroller. cartoon realism. no characters. no icons
background A stage where the actors are silhouettes, creepy lighting, dramatic and psychological.","A stage where the actors are silhouettes, creepy lighting, dramatic and psychological.. background for video game, side scroller, Greek times, realistic cartoon style, Ghibli with high density features. Empty space at the bottom of scene. Landscape. High quality. 4k.","A stage where the actors are silhouettes, creepy lighting, dramatic and psychological. 160x160 pixels. cartoon, watercolour style. png. transparent background",,,
void,void_last_outpost,void_last_outpost_room,event,v19,,Last Outpost,A small shack holding back the nothingness.,,survivor,,,,,hope,"A small cozy wooden hut with a single lantern, surrounded by a devouring black void.","2d rpg scroller. cartoon realism. no characters. no icons
background A small cozy wooden hut with a single lantern, surrounded by a devouring black void.","A small cozy wooden hut with a single lantern, surrounded by a devouring black void.. background for video game, side scroller, Greek times, realistic cartoon style, Ghibli with high density features. Empty space at the bottom of scene. Landscape. High quality. 4k.","A small cozy wooden hut with a single lantern, surrounded by a devouring black void. 160x160 pixels. cartoon, watercolour style. png. transparent background",,,
void,void_the_singularity,void_the_singularity_room,battle,v20,19,The Singularity,,v20_boss,,void_emperor,,,,universe_core,"A throne at the center of the universe, swirling galaxies, the ultimate void power, god-tier.","2d rpg scroller. cartoon realism. no characters. no icons
background A throne at the center of the universe, swirling galaxies, the ultimate void power, god-tier.","A throne at the center of the universe, swirling galaxies, the ultimate void power, god-tier.. background for video game, side scroller, Greek times, realistic cartoon style, Ghibli with high density features. Empty space at the bottom of scene. Landscape. High quality. 4k.","A throne at the center of the universe, swirling galaxies, the ultimate void power, god-tier. 160x160 pixels. cartoon, watercolour style. png. transparent background",,,
void,void_home,void_home_room,home,v0,0,Home room,,,,,,,,,A minimalist white space where furniture is formed from solidified thought. There is no horizon only an infinite gradient of gray.,,"A minimalist white space where furniture is formed from solidified thought. There is no horizon only an infinite gradient of gray.. background for video game, side scroller, Greek times, realistic cartoon style, Ghibli with high density features. Empty space at the bottom of scene. Landscape. High quality. 4k.","A minimalist white space where furniture is formed from solidified thought. There is no horizon only an infinite gradient of gray. 160x160 pixels. cartoon, watercolour style. png. transparent background",,,
void,void_default,void_default_room,event,v21,19,Default Room,,,,,,,,,Fragmented remains of reality floating in a white vacuum. Broken pillars and silent clocks drift aimlessly through the silence.,,"Fragmented remains of reality floating in a white vacuum. Broken pillars and silent clocks drift aimlessly through the silence.. background for video game, side scroller, Greek times, realistic cartoon style, Ghibli with high density features. Empty space at the bottom of scene. Landscape. High quality. 4k.","Fragmented remains of reality floating in a white vacuum. Broken pillars and silent clocks drift aimlessly through the silence. 160x160 pixels. cartoon, watercolour style. png. transparent background",,,
void,void_boss,void_boss_room,boss,v22,22,Boss Room,,,,,,,,,A platform made of fractured glass reflecting versions of the player that do not exist. The boss is a silhouette of negative space.,,"A platform made of fractured glass reflecting versions of the player that do not exist. The boss is a silhouette of negative space.. background for video game, side scroller, Greek times, realistic cartoon style, Ghibli with high density features. Empty space at the bottom of scene. Landscape. High quality. 4k.","A platform made of fractured glass reflecting versions of the player that do not exist. The boss is a silhouette of negative space. 160x160 pixels. cartoon, watercolour style. png. transparent background",,,
the_core,the_core_magma_river,the_core_magma_river_room,battle,c1,20,Magma River,A flow of molten rock cuts through the chamber.,,,lava_slug,,,,fire_shard,"A river of glowing orange lava in a dark volcanic cavern, heat haze, sparks.","2d rpg scroller. cartoon realism. no characters. no icons
background A river of glowing orange lava in a dark volcanic cavern, heat haze, sparks.","A river of glowing orange lava in a dark volcanic cavern, heat haze, sparks.. background for video game, side scroller, Greek times, realistic cartoon style, Ghibli with high density features. Empty space at the bottom of scene. Landscape. High quality. 4k.","A river of glowing orange lava in a dark volcanic cavern, heat haze, sparks. 160x160 pixels. cartoon, watercolour style. png. transparent background",,,
the_core,the_core_steam_vent,the_core_steam_vent_room,battle,c2,20,Steam Vent,High-pressure steam screams through the cracks.,,,steam_mephit,,,,vapor,"Geysers of white steam, jagged iron rocks, loud industrial sound aesthetic.","2d rpg scroller. cartoon realism. no characters. no icons
background Geysers of white steam, jagged iron rocks, loud industrial sound aesthetic.","Geysers of white steam, jagged iron rocks, loud industrial sound aesthetic.. background for video game, side scroller, Greek times, realistic cartoon style, Ghibli with high density features. Empty space at the bottom of scene. Landscape. High quality. 4k.","Geysers of white steam, jagged iron rocks, loud industrial sound aesthetic. 160x160 pixels. cartoon, watercolour style. png. transparent background",,,
the_core,the_core_iron_foundry,the_core_iron_foundry_room,battle,c3,20,Iron Foundry,The sound of clashing metal is constant.,,,iron_golem,,,,iron_bar,"Massive industrial forge, vats of molten metal, mechanical arms, soot and fire.","2d rpg scroller. cartoon realism. no characters. no icons
background Massive industrial forge, vats of molten metal, mechanical arms, soot and fire.","Massive industrial forge, vats of molten metal, mechanical arms, soot and fire.. background for video game, side scroller, Greek times, realistic cartoon style, Ghibli with high density features. Empty space at the bottom of scene. Landscape. High quality. 4k.","Massive industrial forge, vats of molten metal, mechanical arms, soot and fire. 160x160 pixels. cartoon, watercolour style. png. transparent background",,,
the_core,the_core_basalt_bridge,the_core_basalt_bridge_room,battle,c4,20,Basalt Bridge,A narrow path over a lake of fire.,,,fire_bat,,,,coal,"A bridge of hexagonal black pillars over a pool of lava, epic and dangerous.","2d rpg scroller. cartoon realism. no characters. no icons
background A bridge of hexagonal black pillars over a pool of lava, epic and dangerous.","A bridge of hexagonal black pillars over a pool of lava, epic and dangerous.. background for video game, side scroller, Greek times, realistic cartoon style, Ghibli with high density features. Empty space at the bottom of scene. Landscape. High quality. 4k.","A bridge of hexagonal black pillars over a pool of lava, epic and dangerous. 160x160 pixels. cartoon, watercolour style. png. transparent background",,,
the_core,the_core_sulfur_pit,the_core_sulfur_pit_room,battle,c5,20,Sulfur Pit,Yellow fumes choke your breath.,,,sulfur_spirit,,,,sulfur,"Bubbling yellow-green acid pits, thick yellow smoke, corrosive environment.","2d rpg scroller. cartoon realism. no characters. no icons
background Bubbling yellow-green acid pits, thick yellow smoke, corrosive environment.","Bubbling yellow-green acid pits, thick yellow smoke, corrosive environment.. background for video game, side scroller, Greek times, realistic cartoon style, Ghibli with high density features. Empty space at the bottom of scene. Landscape. High quality. 4k.","Bubbling yellow-green acid pits, thick yellow smoke, corrosive environment. 160x160 pixels. cartoon, watercolour style. png. transparent background",,,
the_core,the_core_the_great_smelter,the_core_the_great_smelter_room,battle,c6,20,The Great Smelter,Heat so intense it melts your armor.,,,smelter_demon,,,,molten_core,"A giant machine pouring liquid white-hot metal, extreme heat, glowing red metal.","2d rpg scroller. cartoon realism. no characters. no icons
background A giant machine pouring liquid white-hot metal, extreme heat, glowing red metal.","A giant machine pouring liquid white-hot metal, extreme heat, glowing red metal.. background for video game, side scroller, Greek times, realistic cartoon style, Ghibli with high density features. Empty space at the bottom of scene. Landscape. High quality. 4k.","A giant machine pouring liquid white-hot metal, extreme heat, glowing red metal. 160x160 pixels. cartoon, watercolour style. png. transparent background",,,
the_core,the_core_diamond_crag,the_core_diamond_crag_room,battle,c7,20,Diamond Crag,Pressure has turned the coal into hard gems.,,,rock_spider,,,,diamond,"A cavern wall of sparkling diamonds embedded in black coal, refractive light.","2d rpg scroller. cartoon realism. no characters. no icons
background A cavern wall of sparkling diamonds embedded in black coal, refractive light.","A cavern wall of sparkling diamonds embedded in black coal, refractive light.. background for video game, side scroller, Greek times, realistic cartoon style, Ghibli with high density features. Empty space at the bottom of scene. Landscape. High quality. 4k.","A cavern wall of sparkling diamonds embedded in black coal, refractive light. 160x160 pixels. cartoon, watercolour style. png. transparent background",,,
the_core,the_core_geothermal_well,the_core_geothermal_well_room,event,c8,,Geothermal Well,Natural energy pulses from the ground.,,,,,,,battery,"A technical structure over a glowing blue energy crack, pulsing light, sci-fi industrial.","2d rpg scroller. cartoon realism. no characters. no icons
background A technical structure over a glowing blue energy crack, pulsing light, sci-fi industrial.","A technical structure over a glowing blue energy crack, pulsing light, sci-fi industrial.. background for video game, side scroller, Greek times, realistic cartoon style, Ghibli with high density features. Empty space at the bottom of scene. Landscape. High quality. 4k.","A technical structure over a glowing blue energy crack, pulsing light, sci-fi industrial. 160x160 pixels. cartoon, watercolour style. png. transparent background",,,
the_core,the_core_ash_plain,the_core_ash_plain_room,battle,c9,21,Ash Plain,Walking here leaves deep tracks in the soot.,,,ash_wraith,,,,urn,"A flat desert of grey ash, burnt tree stumps, grey sky, somber and dead.","2d rpg scroller. cartoon realism. no characters. no icons
background A flat desert of grey ash, burnt tree stumps, grey sky, somber and dead.","A flat desert of grey ash, burnt tree stumps, grey sky, somber and dead.. background for video game, side scroller, Greek times, realistic cartoon style, Ghibli with high density features. Empty space at the bottom of scene. Landscape. High quality. 4k.","A flat desert of grey ash, burnt tree stumps, grey sky, somber and dead. 160x160 pixels. cartoon, watercolour style. png. transparent background",,,
the_core,the_core_machinery_hall,the_core_machinery_hall_room,battle,c10,21,Machinery Hall,Pistons move with rhythmic precision.,,,automaton_scout,,,,spring,"A hall of giant moving metal pistons, brass pipes, rhythmic movement, industrial.","2d rpg scroller. cartoon realism. no characters. no icons
background A hall of giant moving metal pistons, brass pipes, rhythmic movement, industrial.","A hall of giant moving metal pistons, brass pipes, rhythmic movement, industrial.. background for video game, side scroller, Greek times, realistic cartoon style, Ghibli with high density features. Empty space at the bottom of scene. Landscape. High quality. 4k.","A hall of giant moving metal pistons, brass pipes, rhythmic movement, industrial. 160x160 pixels. cartoon, watercolour style. png. transparent background",,,
the_core,the_core_cinder_grove,the_core_cinder_grove_room,battle,c11,21,Cinder Grove,Trees made of charcoal still burn with heat.,,,cinder_cat,,,,charcoal,"Forest of black charred trees, glowing orange embers inside the wood, falling ash.","2d rpg scroller. cartoon realism. no characters. no icons
background Forest of black charred trees, glowing orange embers inside the wood, falling ash.","Forest of black charred trees, glowing orange embers inside the wood, falling ash.. background for video game, side scroller, Greek times, realistic cartoon style, Ghibli with high density features. Empty space at the bottom of scene. Landscape. High quality. 4k.","Forest of black charred trees, glowing orange embers inside the wood, falling ash. 160x160 pixels. cartoon, watercolour style. png. transparent background",,,
the_core,the_core_the_boiler,the_core_the_boiler_room,battle,c12,21,The Boiler,The humidity is 100% and it's boiling.,,,pressure_fiend,,,,valve,"Inside a massive metal tank, dripping hot water, steam, high pressure, copper walls.","2d rpg scroller. cartoon realism. no characters. no icons
background Inside a massive metal tank, dripping hot water, steam, high pressure, copper walls.","Inside a massive metal tank, dripping hot water, steam, high pressure, copper walls.. background for video game, side scroller, Greek times, realistic cartoon style, Ghibli with high density features. Empty space at the bottom of scene. Landscape. High quality. 4k.","Inside a massive metal tank, dripping hot water, steam, high pressure, copper walls. 160x160 pixels. cartoon, watercolour style. png. transparent background",,,
the_core,the_core_molten_waterfall,the_core_molten_waterfall_room,battle,c13,21,Molten Waterfall,Liquid gold falls from the ceiling.,,,gold_elemental,,,,gold_nugget,"A waterfall of liquid gold, sparkling reflections, opulence mixed with heat.","2d rpg scroller. cartoon realism. no characters. no icons
background A waterfall of liquid gold, sparkling reflections, opulence mixed with heat.","A waterfall of liquid gold, sparkling reflections, opulence mixed with heat.. background for video game, side scroller, Greek times, realistic cartoon style, Ghibli with high density features. Empty space at the bottom of scene. Landscape. High quality. 4k.","A waterfall of liquid gold, sparkling reflections, opulence mixed with heat. 160x160 pixels. cartoon, watercolour style. png. transparent background",,,
the_core,the_core_obsidian_lab,the_core_obsidian_lab_room,battle,c14,21,Obsidian Lab,Dark stones used for magical experiments.,,,fire_mage,,,,wand,"A laboratory made of black glass, glowing red runes, floating crystals, magical core.","2d rpg scroller. cartoon realism. no characters. no icons
background A laboratory made of black glass, glowing red runes, floating crystals, magical core.","A laboratory made of black glass, glowing red runes, floating crystals, magical core.. background for video game, side scroller, Greek times, realistic cartoon style, Ghibli with high density features. Empty space at the bottom of scene. Landscape. High quality. 4k.","A laboratory made of black glass, glowing red runes, floating crystals, magical core. 160x160 pixels. cartoon, watercolour style. png. transparent background",,,
the_core,the_core_ventilation_shaft,the_core_ventilation_shaft_room,battle,c15,21,Ventilation Shaft,A cool breeze comes from somewhere above.,,,harpy_scout,,,,fan,"A vertical metal tunnel, giant spinning fans, blue light from above, industrial scale.","2d rpg scroller. cartoon realism. no characters. no icons
background A vertical metal tunnel, giant spinning fans, blue light from above, industrial scale.","A vertical metal tunnel, giant spinning fans, blue light from above, industrial scale.. background for video game, side scroller, Greek times, realistic cartoon style, Ghibli with high density features. Empty space at the bottom of scene. Landscape. High quality. 4k.","A vertical metal tunnel, giant spinning fans, blue light from above, industrial scale. 160x160 pixels. cartoon, watercolour style. png. transparent background",,,
the_core,the_core_the_great_engine,the_core_the_great_engine_room,battle,c16,21,The Great Engine,This machine powers the entire world.,,,engine_master,,,,power_cell,"A colossal core machine, glowing energy, spinning rings, the heart of technology.","2d rpg scroller. cartoon realism. no characters. no icons
background A colossal core machine, glowing energy, spinning rings, the heart of technology.","A colossal core machine, glowing energy, spinning rings, the heart of technology.. background for video game, side scroller, Greek times, realistic cartoon style, Ghibli with high density features. Empty space at the bottom of scene. Landscape. High quality. 4k.","A colossal core machine, glowing energy, spinning rings, the heart of technology. 160x160 pixels. cartoon, watercolour style. png. transparent background",,,
the_core,the_core_crystal_furnace,the_core_crystal_furnace_room,event,c17,,Crystal Furnace,,c17_furnace,the_smith,,,,,fire_sword,"A furnace made of giant ruby crystals, focused heat, magical blacksmithing.","2d rpg scroller. cartoon realism. no characters. no icons
background A furnace made of giant ruby crystals, focused heat, magical blacksmithing.","A furnace made of giant ruby crystals, focused heat, magical blacksmithing.. background for video game, side scroller, Greek times, realistic cartoon style, Ghibli with high density features. Empty space at the bottom of scene. Landscape. High quality. 4k.","A furnace made of giant ruby crystals, focused heat, magical blacksmithing. 160x160 pixels. cartoon, watercolour style. png. transparent background",,,
the_core,the_core_red_rock_vault,the_core_red_rock_vault_room,battle,c18,22,Red Rock Vault,The stones here hum with heat.,,,mimic_safe,,,,relic,"A secure room of heated red stones, treasure piles, glowing security runes.","2d rpg scroller. cartoon realism. no characters. no icons
background A secure room of heated red stones, treasure piles, glowing security runes.","A secure room of heated red stones, treasure piles, glowing security runes.. background for video game, side scroller, Greek times, realistic cartoon style, Ghibli with high density features. Empty space at the bottom of scene. Landscape. High quality. 4k.","A secure room of heated red stones, treasure piles, glowing security runes. 160x160 pixels. cartoon, watercolour style. png. transparent background",,,
the_core,the_core_scorched_path,the_core_scorched_path_room,battle,c19,22,Scorched Path,Everything here has been burned to a crisp.,,,phoenix_hatchling,,,,feather,"A path of blackened ground, fire embers, burnt ruins, orange and black palette.","2d rpg scroller. cartoon realism. no characters. no icons
background A path of blackened ground, fire embers, burnt ruins, orange and black palette.","A path of blackened ground, fire embers, burnt ruins, orange and black palette.. background for video game, side scroller, Greek times, realistic cartoon style, Ghibli with high density features. Empty space at the bottom of scene. Landscape. High quality. 4k.","A path of blackened ground, fire embers, burnt ruins, orange and black palette. 160x160 pixels. cartoon, watercolour style. png. transparent background",,,
the_core,the_core_the_heart_of_the_world,the_core_the_heart_of_the_world_room,battle,c20,22,The Heart of the World,,c20_boss,,magma_titan,,,,core_essence,"A titanic beating heart made of magma and gears, the center of the planet, god-like scale.","2d rpg scroller. cartoon realism. no characters. no icons
background A titanic beating heart made of magma and gears, the center of the planet, god-like scale.","A titanic beating heart made of magma and gears, the center of the planet, god-like scale.. background for video game, side scroller, Greek times, realistic cartoon style, Ghibli with high density features. Empty space at the bottom of scene. Landscape. High quality. 4k.","A titanic beating heart made of magma and gears, the center of the planet, god-like scale. 160x160 pixels. cartoon, watercolour style. png. transparent background",,,
the_core,the_core_home,the_core_home_room,home,c0,0,Home room,,,,,,,,,A high-tech laboratory chamber shielded by thick leaded glass. Screens display real-time data on planetary stability.,,"A high-tech laboratory chamber shielded by thick leaded glass. Screens display real-time data on planetary stability.. background for video game, side scroller, Greek times, realistic cartoon style, Ghibli with high density features. Empty space at the bottom of scene. Landscape. High quality. 4k.","A high-tech laboratory chamber shielded by thick leaded glass. Screens display real-time data on planetary stability. 160x160 pixels. cartoon, watercolour style. png. transparent background",,,
the_core,the_core_default,the_core_default_room,event,c21,22,Default Room,,,,,,,,,A network of metallic catwalks suspended over a sea of molten energy. Giant pistons and gears grind with the rhythm of a mechanical heart.,,"A network of metallic catwalks suspended over a sea of molten energy. Giant pistons and gears grind with the rhythm of a mechanical heart.. background for video game, side scroller, Greek times, realistic cartoon style, Ghibli with high density features. Empty space at the bottom of scene. Landscape. High quality. 4k.","A network of metallic catwalks suspended over a sea of molten energy. Giant pistons and gears grind with the rhythm of a mechanical heart. 160x160 pixels. cartoon, watercolour style. png. transparent background",,,
the_core,the_core_boss,the_core_boss_room,boss,c22,25,Boss Room,,,,,,,,,The central reactor chamber where a pulsating orb of pure energy is housed. Pipes leak superheated steam as the machine begins to overload.,,"The central reactor chamber where a pulsating orb of pure energy is housed. Pipes leak superheated steam as the machine begins to overload.. background for video game, side scroller, Greek times, realistic cartoon style, Ghibli with high density features. Empty space at the bottom of scene. Landscape. High quality. 4k.","The central reactor chamber where a pulsating orb of pure energy is housed. Pipes leak superheated steam as the machine begins to overload. 160x160 pixels. cartoon, watercolour style. png. transparent background",,,